Season,TeamID,TeamName,ConfAbbrev,is_tourney_team,tourney_seed_num,kp_adjde,kp_adjem,kp_adjoe,kp_adjtempo,kp_de,kp_oe,kp_rankadjde,kp_rankadjem,kp_rankadjoe,kp_rankadjtempo,kp_rankde,kp_rankoe,kp_ranktempo,kp_tempo,lms_consistency,lms_margin_vs_weak_surplus,lms_r2,lms_residual_std,lms_slope,rs_ast,rs_ast_to_ratio,rs_avg_margin,rs_avg_pts_against,rs_avg_pts_for,rs_blk,rs_dr_pct,rs_drb,rs_efg_pct,rs_fg2_pct,rs_fg3_pct,rs_fg_pct,rs_fga,rs_fga3,rs_fgm,rs_fgm3,rs_ft_pct,rs_ft_rate,rs_fta,rs_ftm,rs_games,rs_margin_std,rs_opp_ast,rs_opp_blk,rs_opp_dr,rs_opp_efg_pct,rs_opp_fg2_pct,rs_opp_fg3_pct,rs_opp_fg_pct,rs_opp_fga,rs_opp_fga3,rs_opp_fgm,rs_opp_fgm3,rs_opp_ft_pct,rs_opp_ft_rate,rs_opp_fta,rs_opp_ftm,rs_opp_or,rs_opp_pf,rs_opp_stl,rs_opp_to,rs_opp_to_rate,rs_or_pct,rs_orb,rs_pf,rs_stl,rs_to,rs_to_rate,rs_win_pct,rs_wins
2026,1103,Akron,mac,1,12.0,106.0,12.8,118.8,70.3,104.6,121.9,113,64,54,32,84,6,44,71.2,0.578333274843967,4.586894586894587,0.1778028271038134,12.29600368012224,-20.75968043325053,18.40740740740741,1.8825757575757576,12.25925925925926,75.96296296296296,88.22222222222223,4.62962962962963,0.7102702702702702,24.33333333333333,0.5863797169811321,0.5942184154175589,0.384514435695538,0.5,62.81481481481482,28.22222222222222,31.40740740740741,10.851851851851851,0.7782178217821782,0.2977594339622641,18.703703703703702,14.555555555555555,27,13.297173188870438,13.592592592592592,5.37037037037037,19.25925925925926,0.5103406326034063,0.4941050375133977,0.3544303797468355,0.433698296836983,60.888888888888886,26.33333333333333,26.40740740740741,9.333333333333334,0.7299412915851271,0.3108272506082725,18.925925925925927,13.814814814814817,9.925925925925926,16.22222222222222,5.148148148148148,11.296296296296296,0.1403047142383984,0.3290322580645161,9.444444444444445,16.555555555555557,6.185185185185185,9.77777777777778,0.1209788287049766,0.8148148148148148,22
2026,1104,Alabama,sec,1,4.0,103.3,25.7,129.0,73.1,111.0,122.0,67,18,3,4,245,5,5,74.6,0.5053058694148165,11.700265251989393,0.2447222828354306,14.338741931645313,-86.98118294814866,16.448275862068964,1.9233870967741933,9.06896551724138,83.06896551724138,92.13793103448276,6.827586206896552,0.6921052631578948,27.20689655172414,0.5570381998953426,0.5751708428246012,0.3610842207163601,0.4594453165881736,65.89655172413794,35.62068965517241,30.27586206896552,12.862068965517242,0.765867418899859,0.3710099424385138,24.448275862068964,18.724137931034484,29,16.201699722301534,13.862068965517242,4.551724137931035,24.379310344827587,0.4838549428713363,0.4797864225781847,0.3276353276353276,0.4267262791852956,69.41379310344827,24.20689655172414,29.620689655172413,7.931034482758621,0.6890881913303437,0.3323397913561848,23.06896551724138,15.89655172413793,12.10344827586207,20.06896551724138,6.0,8.620689655172415,0.0977570619701567,0.293,10.10344827586207,18.724137931034484,5.862068965517241,8.551724137931034,0.100365849710234,0.7586206896551724,22
2026,1112,Arizona,big_twelve,1,1.0,90.0,37.7,127.7,69.8,96.1,120.1,3,2,5,54,5,16,37,71.4,0.4152157844656826,7.980295566502463,0.3419725787380869,10.835181964019736,-37.89341912711487,17.344827586206897,1.705084745762712,18.448275862068964,68.62068965517241,87.06896551724138,5.482758620689655,0.7662337662337663,28.48275862068965,0.5491620111731843,0.5561497326203207,0.3534303534303534,0.5016759776536313,61.72413793103448,16.586206896551722,30.96551724137931,5.862068965517241,0.7345597897503284,0.4251396648044693,26.24137931034483,19.27586206896552,29,13.116473303490626,11.96551724137931,5.137931034482759,18.86206896551724,0.4493635860542335,0.4359649122807018,0.3148425787106447,0.3912562257885999,62.310344827586206,23.0,24.379310344827587,7.241379310344827,0.7052023121387283,0.2872163807415606,17.896551724137932,12.620689655172416,8.689655172413794,19.620689655172413,5.931034482758621,11.0,0.1354932975415824,0.3881431767337807,11.96551724137931,16.17241379310345,7.206896551724138,10.172413793103448,0.1219088865379529,0.9310344827586208,27
2026,1116,Arkansas,sec,1,4.0,101.6,26.1,127.7,71.0,109.1,122.6,48,13,6,20,200,3,19,72.4,0.3215634071709311,9.785145888594164,0.4602762104895158,14.44168380599086,-87.0005247947018,17.06896551724138,1.995967741935484,10.137931034482758,79.65517241379311,89.79310344827586,5.344827586206897,0.6928799149840594,22.48275862068965,0.5635729613733904,0.5651821862348176,0.3736089030206677,0.5005364806866952,64.27586206896552,21.689655172413797,32.172413793103445,8.10344827586207,0.7462908011869436,0.361587982832618,23.24137931034483,17.344827586206897,29,19.30344924383618,14.620689655172416,4.724137931034483,21.724137931034484,0.5141074335322844,0.5417040358744395,0.3145604395604395,0.4519804666304938,63.55172413793103,25.103448275862068,28.724137931034484,7.896551724137931,0.7142857142857142,0.315246880086815,20.03448275862069,14.310344827586206,9.96551724137931,18.0,4.758620689655173,9.310344827586206,0.1139894623074844,0.3061674008810572,9.586206896551724,16.96551724137931,7.275862068965517,8.551724137931034,0.102966087620819,0.7241379310344828,21
2026,1140,BYU,big_twelve,1,6.0,102.2,23.3,125.5,69.9,106.7,118.6,57,19,10,46,129,30,78,70.4,0.4759593824317598,9.524630541871922,0.2746185688613025,14.708175305975848,-42.21604527941758,14.10344827586207,1.4927007299270072,9.689655172413794,75.27586206896552,84.96551724137932,5.931034482758621,0.745360824742268,24.93103448275862,0.5509977827050998,0.5658627087198517,0.3526170798898072,0.4800443458980045,62.206896551724135,25.03448275862069,29.86206896551724,8.827586206896552,0.7460815047021945,0.3536585365853659,22.0,16.413793103448278,29,16.958149006716216,14.89655172413793,4.379310344827586,21.89655172413793,0.5052836484983315,0.5009107468123861,0.3414285714285714,0.4388209121245829,62.0,24.13793103448276,27.20689655172414,8.241379310344827,0.7134502923976609,0.2853170189098999,17.689655172413794,12.620689655172416,8.517241379310345,18.620689655172413,5.482758620689655,9.89655172413793,0.1242037113973133,0.3186695278969956,10.241379310344827,15.689655172413794,7.103448275862069,9.448275862068966,0.1161646994980328,0.6896551724137931,20
2026,1155,Clemson,acc,1,8.0,97.3,19.2,116.5,64.2,101.1,112.3,20,32,71,333,37,99,318,65.5,0.1748855759927824,10.129973474801062,0.6808138127047625,8.75022092878653,-54.381030251707024,12.93103448275862,1.524390243902439,8.793103448275861,65.93103448275862,74.72413793103448,3.6206896551724137,0.7593406593406593,23.82758620689655,0.5324876237623761,0.5495103373231773,0.3400286944045911,0.4591584158415841,55.72413793103448,24.03448275862069,25.58620689655172,8.172413793103448,0.7252032520325202,0.3805693069306931,21.20689655172414,15.379310344827584,29,15.208971295974406,10.344827586206897,5.0,21.55172413793104,0.4806962025316456,0.488962472406181,0.3130563798219584,0.4139240506329114,54.48275862068966,23.24137931034483,22.55172413793104,7.275862068965517,0.7485714285714286,0.3322784810126581,18.103448275862068,13.551724137931034,7.551724137931035,18.27586206896552,5.137931034482759,9.79310344827586,0.1355608591885441,0.2698598130841121,7.9655172413793105,16.24137931034483,5.793103448275862,8.482758620689655,0.1153521523023539,0.7241379310344828,21
2026,1163,Connecticut,big_east,1,2.0,94.1,27.9,122.0,64.4,97.7,116.3,11,10,30,322,11,50,293,66.1,0.7104820947483781,5.180952380952382,0.0838206174612871,14.11101278779727,-19.12438107284026,18.633333333333333,2.0476190476190474,13.533333333333331,65.16666666666667,78.7,6.4,0.7384453781512604,23.433333333333334,0.561398521887436,0.5706161137440757,0.3650568181818182,0.4883456509380329,58.63333333333333,23.466666666666665,28.633333333333333,8.566666666666666,0.7030965391621129,0.3121091529277999,18.3,12.866666666666667,30,14.48598212621152,10.466666666666669,4.766666666666667,19.73333333333333,0.4526572999389127,0.4492890995260663,0.3058419243986254,0.3982895540623091,54.56666666666667,19.4,21.73333333333333,5.933333333333334,0.7254601226993865,0.3982895540623091,21.73333333333333,15.766666666666667,8.3,17.366666666666667,5.1,10.9,0.1452765140744953,0.3257403189066059,9.533333333333331,18.1,7.033333333333333,9.1,0.1200760041520786,0.9,27
2026,1181,Duke,acc,1,1.0,89.1,38.9,128.0,65.3,94.3,122.5,2,1,4,287,2,4,239,67.1,0.4321031414793898,7.869458128078818,0.3225068419175779,13.857143411165351,-43.404047186072034,17.103448275862068,1.722222222222222,20.344827586206897,62.48275862068966,82.82758620689656,4.862068965517241,0.7816901408450704,26.79310344827586,0.5756402620607505,0.6110520722635494,0.3536585365853659,0.4979154258487195,57.89655172413793,25.448275862068964,28.82758620689655,9.0,0.7293934681181959,0.3829660512209649,22.17241379310345,16.17241379310345,29,16.5319514492153,11.758620689655173,3.8620689655172415,18.93103448275862,0.4568965517241379,0.4612021857923497,0.3011734028683181,0.3882282996432818,58.0,26.448275862068964,22.517241379310345,7.9655172413793105,0.7087628865979382,0.2306777645659928,13.379310344827584,9.482758620689657,7.482758620689655,18.13793103448276,6.0,10.89655172413793,0.1457080674314803,0.3525943396226415,10.310344827586206,15.724137931034482,6.931034482758621,9.93103448275862,0.1280045512729341,0.9310344827586208,27
2026,1196,Florida,sec,1,1.0,91.7,33.8,125.5,70.5,99.5,119.8,6,2,9,28,24,18,17,72.5,0.5478036921172913,4.204433497536945,0.2044815008627534,13.526387502743306,-38.42223393677279,16.551724137931036,1.6382252559726962,15.724137931034482,71.41379310344827,87.13793103448276,6.896551724137931,0.776615969581749,28.17241379310345,0.5380289234065346,0.5852813852813852,0.3075842696629213,0.4793786823781467,64.37931034482759,24.55172413793104,30.86206896551724,7.551724137931035,0.7144827586206897,0.3883235136582753,25.0,17.862068965517242,29,14.892223646022533,10.586206896551724,5.0344827586206895,19.03448275862069,0.4579831932773109,0.4468619246861924,0.3203389830508474,0.4050420168067227,61.55172413793103,20.344827586206897,24.93103448275862,6.517241379310345,0.7194719471947194,0.3394957983193277,20.89655172413793,15.03448275862069,8.10344827586207,19.689655172413797,5.344827586206897,9.862068965517242,0.1223456135247514,0.4279792746113989,14.241379310344827,17.75862068965517,6.206896551724138,10.10344827586207,0.118192819685357,0.7931034482758621,23
2026,1202,Furman,southern,1,15.0,109.4,-1.9,107.5,65.9,107.2,111.7,181,146,200,263,141,108,275,66.5,0.8564038477881191,1.0714285714285716,0.0206198549300576,11.944764167788763,-7.706221251341064,15.178571428571429,1.5342960288808665,2.2857142857142856,72.14285714285714,74.42857142857143,4.857142857142857,0.7350785340314135,25.071428571428573,0.54375,0.5964705882352941,0.3226666666666666,0.4681249999999999,57.142857142857146,26.785714285714285,26.75,8.642857142857142,0.6811881188118812,0.315625,18.035714285714285,12.285714285714286,28,11.84422704467093,12.535714285714286,4.285714285714286,20.75,0.4947121034077555,0.4999999999999999,0.3249299719887955,0.426556991774383,60.785714285714285,25.5,25.928571428571427,8.285714285714286,0.7058823529411765,0.2796709753231492,17.0,12.0,9.035714285714286,17.178571428571427,6.964285714285714,8.321428571428571,0.1086530749286527,0.2983091787439613,8.821428571428571,15.321428571428571,4.357142857142857,9.892857142857142,0.1319550304878048,0.5714285714285714,16
2026,1208,Georgia,sec,1,8.0,104.2,20.5,124.7,71.4,106.9,120.5,80,25,16,16,135,13,9,73.5,0.3450359996958781,12.116710875331565,0.4289778416943777,16.405896674000388,-65.70764253286475,14.89655172413793,1.5373665480427046,11.344827586206897,78.37931034482759,89.72413793103448,7.344827586206897,0.670837343599615,24.03448275862069,0.5441408302679979,0.577922077922078,0.3333333333333333,0.4718864950078822,65.62068965517241,28.448275862068964,30.96551724137931,9.482758620689657,0.751060820367751,0.371518654755649,24.379310344827587,18.310344827586206,29,21.31946773335342,13.448275862068966,5.206896551724138,22.58620689655172,0.4946865037194474,0.4953742640874684,0.3290043290043289,0.4341126461211477,64.89655172413794,23.89655172413793,28.17241379310345,7.862068965517241,0.7061855670103092,0.3092454835281615,20.06896551724138,14.172413793103448,11.79310344827586,19.0,6.103448275862069,11.655172413793103,0.1365060902717198,0.330949948927477,11.172413793103448,17.24137931034483,7.655172413793103,9.689655172413794,0.1126216393863122,0.6896551724137931,20
2026,1211,Gonzaga,wcc,1,3.0,93.9,28.1,122.0,68.6,93.6,120.5,9,7,29,111,1,12,79,70.4,0.5211217661841487,10.423655913978491,0.2293243628225891,19.01691841743258,-82.44310352034876,18.193548387096776,1.918367346938776,19.70967741935484,66.25806451612904,85.96774193548387,4.451612903225806,0.7702834799608993,25.41935483870968,0.5626888217522659,0.5860566448801743,0.3399014778325123,0.5105740181268883,64.06451612903226,19.64516129032258,32.70967741935484,6.67741935483871,0.6991869918699186,0.3096676737160121,19.83870967741936,13.870967741935484,31,21.29819013967634,12.064516129032258,5.0,20.677419354838708,0.4645868465430016,0.4622266401590457,0.3117723156532989,0.3968521641371557,57.38709677419355,24.93548387096774,22.774193548387096,7.774193548387097,0.7084805653710248,0.3181562675660483,18.258064516129032,12.935483870967742,7.580645161290323,17.419354838709676,4.870967741935484,11.935483870967742,0.154292672349085,0.3439099283520982,10.838709677419354,17.161290322580644,7.903225806451613,9.483870967741936,0.1152669960009409,0.9032258064516128,28
2026,1218,Hawaii,big_west,1,13.0,101.2,5.9,107.1,69.7,96.6,108.3,43,79,211,61,7,177,22,72.3,0.5826351246537986,6.26923076923077,0.1741934391727502,15.770942062513493,-26.985594385682568,13.23076923076923,1.1466666666666665,8.5,70.15384615384616,78.65384615384616,6.461538461538462,0.7670454545454545,25.96153846153846,0.5232712765957447,0.5474860335195532,0.3251231527093596,0.4574468085106383,57.84615384615385,23.423076923076923,26.46153846153846,7.615384615384615,0.7313664596273293,0.4281914893617021,24.76923076923077,18.115384615384617,26,17.004117148502594,9.576923076923077,5.423076923076923,22.384615384615383,0.4625564880568108,0.4738841405508072,0.2923387096774193,0.4157520981278244,59.57692307692308,19.07692307692308,24.76923076923077,5.576923076923077,0.689594356261023,0.3660426081342801,21.807692307692307,15.038461538461538,7.884615384615385,21.115384615384617,6.538461538461538,11.115384615384617,0.1384444401862532,0.2876376988984088,9.038461538461538,18.153846153846157,5.807692307692308,11.538461538461538,0.1437222137053503,0.7307692307692307,19
2026,1219,High Point,big_south,1,12.0,108.6,8.4,117.0,69.9,100.3,121.2,161,64,66,49,31,10,56,70.9,0.4250853903989522,6.678571428571427,0.3305268083327252,13.931131178730835,-34.53968907666005,15.5,1.742971887550201,14.75,72.14285714285714,86.89285714285714,4.928571428571429,0.7008055235903338,21.75,0.5501750291715286,0.5764102564102563,0.3437077131258457,0.4760793465577596,61.21428571428572,26.392857142857142,29.142857142857142,9.071428571428571,0.7432065217391304,0.4294049008168027,26.285714285714285,19.535714285714285,28,16.708004291578554,13.285714285714286,5.857142857142857,21.785714285714285,0.5094637223974764,0.521505376344086,0.3282442748091603,0.4416403785488959,56.60714285714285,23.392857142857142,25.0,7.678571428571429,0.708041958041958,0.3608832807570978,20.428571428571427,14.464285714285714,9.285714285714286,19.821428571428573,4.964285714285714,13.107142857142858,0.1665396064764394,0.3091732729331823,9.75,18.535714285714285,9.571428571428571,8.892857142857142,0.1088838746917143,0.8571428571428571,24
2026,1220,Hofstra,caa,1,13.0,105.1,9.5,114.6,64.7,102.8,113.6,95,61,89,317,59,81,323,65.3,0.8545021275639859,1.1785714285714288,0.0211696308834066,10.61443985753288,-7.276292586995471,12.678571428571429,1.42570281124498,6.107142857142857,68.42857142857143,74.53571428571429,4.571428571428571,0.7170418006430869,23.892857142857142,0.5180981595092025,0.4860515021459227,0.3739255014326648,0.4380368098159509,58.21428571428572,24.928571428571427,25.5,9.321428571428571,0.7595419847328243,0.3214723926380368,18.714285714285715,14.214285714285714,28,10.528055237789507,13.035714285714286,5.178571428571429,20.928571428571427,0.461750305997552,0.4444444444444445,0.324773413897281,0.3959608323133415,58.35714285714285,23.642857142857142,23.107142857142858,7.678571428571429,0.7127845884413311,0.3494492044063647,20.392857142857142,14.535714285714286,9.428571428571429,16.928571428571427,4.821428571428571,7.964285714285714,0.1057754335369787,0.320973348783314,9.892857142857142,17.535714285714285,4.857142857142857,8.892857142857142,0.1180340924173761,0.6428571428571429,18
2026,1222,Houston,big_twelve,1,2.0,91.4,33.5,124.9,63.3,96.5,118.5,5,2,14,352,6,31,332,64.9,0.3948294924862557,9.758620689655173,0.3662313431644427,12.735055638176824,-61.12489602636799,15.06896551724138,2.080952380952381,15.241379310344827,62.27586206896552,77.51724137931035,4.620689655172414,0.728735632183908,21.86206896551724,0.5197222222222222,0.5251661918328585,0.3413654618473895,0.4488888888888889,62.06896551724138,25.75862068965517,27.86206896551724,8.793103448275861,0.7757201646090536,0.2699999999999999,16.75862068965517,13.0,29,15.70863086789687,11.275862068965518,4.0,20.517241379310345,0.466977985323549,0.4642451759364358,0.313915857605178,0.4022681787858572,51.689655172413794,21.310344827586206,20.79310344827586,6.689655172413793,0.6789297658862876,0.3989326217478318,20.620689655172413,14.0,8.137931034482758,16.0,4.068965517241379,12.241379310344827,0.167680622732769,0.3475877192982456,10.93103448275862,18.20689655172414,7.448275862068965,7.241379310344827,0.0944312540470537,0.8275862068965517,24
2026,1224,Howard,meac,1,16.0,106.3,-3.2,103.1,69.0,97.7,108.2,117,145,283,89,12,180,137,69.2,0.4185912689464637,5.553333333333334,0.3380361125452833,15.100772164045148,-37.77316308107395,15.12,1.2945205479452055,6.28,67.84,74.12,5.76,0.7086007702182285,22.08,0.5003541076487252,0.4957356076759062,0.339662447257384,0.443342776203966,56.48,18.96,25.04,6.44,0.7394957983193278,0.4213881019830028,23.8,17.6,25,18.16938817535325,11.08,6.84,20.24,0.4719827586206896,0.4801324503311258,0.3045267489711934,0.4188218390804598,55.68,19.44,23.32,5.92,0.6895306859205775,0.3979885057471264,22.16,15.28,9.08,19.16,5.2,12.12,0.1562854608100022,0.3280212483399735,9.88,19.12,7.64,11.68,0.1485400345915148,0.6,15
2026,1225,Idaho,big_sky,1,15.0,107.3,1.5,108.8,67.7,106.8,110.4,136,106,176,156,132,130,130,69.2,0.5902464616773611,7.735042735042736,0.1678979621679223,12.30169191400356,-28.37361140806709,11.925925925925926,1.3586497890295357,1.1111111111111112,75.33333333333333,76.44444444444444,4.62962962962963,0.7738814993954051,23.703703703703702,0.5187032418952618,0.511377245508982,0.3511053315994799,0.4345386533665835,59.407407407407405,28.48148148148148,25.814814814814813,10.0,0.7339449541284403,0.3397755610972569,20.185185185185187,14.814814814814817,27,13.22390996913526,11.814814814814817,4.296296296296297,23.77777777777778,0.5126870527000651,0.4964610717896866,0.3613138686131386,0.4482758620689655,56.92592592592592,20.296296296296298,25.51851851851852,7.333333333333333,0.7520525451559933,0.3962264150943396,22.55555555555556,16.962962962962962,6.925925925925926,18.55555555555556,5.037037037037037,9.74074074074074,0.1271784754057138,0.2578034682080924,8.25925925925926,18.88888888888889,4.777777777777778,8.777777777777779,0.1138985005767012,0.4814814814814814,13
2026,1228,Illinois,big_ten,1,3.0,99.1,32.1,131.2,65.5,103.7,125.5,28,3,2,277,72,1,285,66.2,0.3564098511416834,11.216748768472906,0.4142082797074701,14.25335940903092,-62.66631164042896,14.724137931034482,1.80168776371308,15.06896551724138,69.55172413793103,84.62068965517241,5.413793103448276,0.7392607392607392,25.517241379310345,0.5539709172259508,0.5761741122565865,0.3551912568306011,0.4630872483221476,61.6551724137931,31.55172413793104,28.55172413793104,11.20689655172414,0.7909698996655519,0.3344519015659955,20.620689655172413,16.310344827586206,29,18.287253629788072,13.517241379310343,3.6206896551724137,18.93103448275862,0.4771490750816105,0.4714022140221401,0.3236074270557029,0.4107725788900979,63.37931034482759,26.0,26.03448275862069,8.413793103448276,0.7245179063360881,0.1974972796517954,12.517241379310343,9.06896551724138,9.0,18.89655172413793,5.241379310344827,6.689655172413793,0.088514956290037,0.3920265780730897,12.20689655172414,13.241379310344827,3.827586206896552,8.172413793103448,0.1035784836459626,0.7586206896551724,22
2026,1234,Iowa,big_ten,1,9.0,99.3,22.4,121.7,63.0,103.9,118.2,30,15,31,357,74,35,363,63.4,0.3875895405657188,7.1305418719211815,0.3750465708245073,14.578862411269132,-50.64745741250543,15.137931034482758,1.8140495867768596,10.655172413793103,65.03448275862068,75.6896551724138,3.5172413793103448,0.7371879106438897,19.344827586206897,0.5676282051282051,0.5917480998914223,0.3552425665101721,0.4948717948717948,53.793103448275865,22.03448275862069,26.620689655172413,7.827586206896552,0.7751371115173675,0.3506410256410256,18.86206896551724,14.620689655172416,29,18.10934222610167,11.20689655172414,4.448275862068965,18.96551724137931,0.5199579831932774,0.5326460481099656,0.3333333333333333,0.4551820728291317,49.241379310344826,19.13793103448276,22.41379310344828,6.379310344827586,0.73308957952468,0.3830532212885154,18.86206896551724,13.827586206896552,6.896551724137931,17.862068965517242,4.517241379310345,11.275862068965518,0.16385392447687,0.289405684754522,7.724137931034483,17.689655172413794,6.137931034482759,8.344827586206897,0.1184718115417001,0.6896551724137931,20
2026,1235,Iowa St,big_twelve,1,2.0,91.4,32.4,123.8,66.5,96.0,119.6,4,2,21,225,4,20,191,68.2,0.3304029161989914,9.248768472906406,0.4483602546348149,14.244316981352233,-46.36560444567715,17.655172413793103,1.8351254480286736,16.96551724137931,65.51724137931035,82.48275862068965,4.344827586206897,0.7384441939120632,22.58620689655172,0.5722543352601157,0.5640785781103836,0.3903177004538578,0.4976878612716763,59.6551724137931,22.79310344827586,29.689655172413797,8.89655172413793,0.6710097719869708,0.3549132947976878,21.17241379310345,14.20689655172414,29,18.832879224947995,12.758620689655173,5.206896551724138,20.03448275862069,0.4959627329192547,0.5021786492374728,0.3251445086705202,0.4260869565217391,55.51724137931034,23.86206896551724,23.655172413793103,7.758620689655173,0.6997690531177829,0.268944099378882,14.93103448275862,10.448275862068966,8.0,16.96551724137931,6.241379310344827,12.862068965517242,0.1716110272737311,0.3321839080459769,9.96551724137931,15.862068965517242,7.689655172413793,9.620689655172416,0.1224135207708103,0.8275862068965517,24
2026,1242,Kansas,big_twelve,1,4.0,93.9,24.4,118.3,67.6,100.8,109.8,10,11,57,164,34,142,190,68.2,0.3299355317587861,9.692118226600986,0.4489863915993807,12.12076877608534,-103.53745623091024,14.413793103448276,1.6456692913385826,7.379310344827586,68.72413793103448,76.10344827586206,7.103448275862069,0.7244897959183674,26.93103448275862,0.5272189349112426,0.5238970588235293,0.3554817275747509,0.463905325443787,58.27586206896552,20.75862068965517,27.03448275862069,7.379310344827586,0.7741347905282332,0.3248520710059171,18.93103448275862,14.655172413793103,29,16.03436887506567,11.96551724137931,4.379310344827586,22.620689655172413,0.4504065040650407,0.4536862003780718,0.2973316391359593,0.3869918699186991,63.62068965517241,27.13793103448276,24.620689655172413,8.068965517241379,0.6755102040816326,0.2655826558265582,16.896551724137932,11.413793103448276,10.241379310344827,15.655172413793103,5.689655172413793,8.206896551724139,0.103541286000174,0.2670391061452514,8.241379310344827,14.310344827586206,5.517241379310345,8.758620689655173,0.11621735390472,0.7241379310344828,21
2026,1244,Kennesaw,cusa,1,14.0,110.1,0.5,110.6,71.2,108.2,111.0,194,109,143,19,170,123,27,71.9,0.7096764827535373,0.7435897435897434,0.0842877446663571,11.539235409942862,-15.719701757088956,13.884615384615383,1.249134948096886,1.9230769230769231,79.0,80.92307692307692,7.153846153846154,0.7466174661746617,23.346153846153847,0.5104035308953342,0.5067415730337079,0.3433908045977011,0.4350567465321563,61.0,26.76923076923077,26.53846153846154,9.192307692307692,0.6988472622478386,0.4375788146279949,26.692307692307693,18.653846153846157,26,11.814983967566192,12.26923076923077,6.576923076923077,22.423076923076923,0.4918247220405494,0.4690831556503197,0.3519458544839255,0.4238064094179202,58.80769230769231,22.73076923076923,24.923076923076923,8.0,0.7462686567164178,0.4820143884892086,28.346153846153847,21.153846153846157,7.923076923076923,20.23076923076923,7.461538461538462,10.076923076923077,0.1238606709277258,0.3359908883826879,11.346153846153848,20.96153846153846,6.076923076923077,11.115384615384617,0.1325469188574363,0.5769230769230769,15
2026,1246,Kentucky,sec,1,7.0,99.0,21.5,120.5,68.3,105.8,115.8,27,15,39,124,107,53,100,69.8,0.4349463925162787,9.559113300492612,0.3192855793303673,18.012144803862874,-56.53023852337635,15.96551724137931,1.7739463601532566,8.655172413793103,72.58620689655173,81.24137931034483,6.344827586206897,0.7261280167890872,23.86206896551724,0.5371428571428571,0.5448536355051936,0.3502170767004341,0.468,60.3448275862069,23.82758620689655,28.24137931034483,8.344827586206897,0.7256097560975611,0.3748571428571428,22.620689655172413,16.413793103448278,29,21.43807670955877,13.96551724137931,4.586206896551724,20.96551724137931,0.4825581395348837,0.4921722113502936,0.3123209169054441,0.4191860465116279,59.310344827586206,24.06896551724138,24.86206896551724,7.517241379310345,0.7441471571906355,0.3476744186046511,20.620689655172413,15.344827586206897,9.0,18.0,5.724137931034483,9.827586206896552,0.1256547272631077,0.3362445414847162,10.620689655172416,17.82758620689655,6.344827586206897,9.0,0.1134960254648553,0.6551724137931034,19
2026,1250,Lehigh,patriot,1,16.0,113.1,-10.4,102.7,66.9,108.4,105.1,257,180,290,205,175,249,265,66.6,0.6159675974436039,3.575596816976127,0.1474808862132378,9.999158982453016,-13.946939787041307,14.10344827586207,1.3236245954692558,-3.3448275862068964,75.65517241379311,72.3103448275862,4.793103448275862,0.6804347826086956,21.58620689655172,0.5305367057371992,0.5267947421638018,0.3575949367088608,0.460826650215916,55.89655172413793,21.79310344827586,25.75862068965517,7.793103448275862,0.7334630350194552,0.3170882171499075,17.724137931034484,13.0,29,10.634431484800968,12.724137931034482,4.517241379310345,23.379310344827587,0.5132871172732525,0.512340425531915,0.3435251798561151,0.4581166955517042,59.689655172413794,19.17241379310345,27.344827586206897,6.586206896551724,0.7406749555950265,0.3252455228191797,19.41379310344828,14.379310344827584,10.137931034482758,16.896551724137932,6.793103448275862,10.862068965517242,0.1373314964337408,0.2079439252336448,6.137931034482759,16.20689655172414,6.206896551724138,10.655172413793103,0.1433103294746215,0.4482758620689655,13
2026,1254,LIU Brooklyn,nec,1,16.0,109.6,-4.0,105.6,67.8,103.6,108.4,186,134,239,154,70,174,193,68.1,0.5158201733044503,5.650124069478908,0.2344301045789325,11.892590794595144,-23.10871728020913,13.838709677419354,1.188365650969529,2.5806451612903225,71.51612903225806,74.09677419354838,7.387096774193548,0.6998972250770812,21.967741935483872,0.5318970341354224,0.5281076801266824,0.3606870229007634,0.4790151091214325,57.64516129032258,16.903225806451612,27.61290322580645,6.096774193548387,0.6644295302013422,0.3335198656966984,19.225806451612904,12.774193548387096,31,13.36356787076562,12.612903225806452,6.32258064516129,20.161290322580644,0.500277932184547,0.5096234309623431,0.3211920529801324,0.4463590883824346,58.03225806451613,19.483870967741936,25.90322580645161,6.258064516129032,0.6824877250409165,0.339633129516398,19.70967741935484,13.451612903225806,9.419354838709678,17.129032258064516,5.774193548387097,11.0,0.141561913618173,0.3379237288135593,10.290322580645162,17.64516129032258,7.129032258064516,11.64516129032258,0.1497776155071694,0.6774193548387096,21
2026,1257,Louisville,acc,1,6.0,98.6,25.5,124.1,69.6,102.1,119.1,25,9,19,62,46,25,55,71.0,0.351056202634367,15.34729064039409,0.4211280521393277,17.41375048837944,-81.20752749724006,17.275862068965516,1.6868686868686869,13.724137931034482,72.24137931034483,85.96551724137932,5.620689655172414,0.7583497053045187,26.620689655172413,0.5650474595198213,0.5976047904191617,0.3577405857740585,0.4695700725851479,61.75862068965517,32.96551724137931,29.0,11.79310344827586,0.7739273927392739,0.338358458961474,20.89655172413793,16.17241379310345,29,22.475218975135604,12.10344827586207,4.931034482758621,21.82758620689655,0.4830264672036824,0.4790076335877862,0.3260869565217391,0.4182968929804373,59.93103448275862,23.79310344827586,25.06896551724138,7.758620689655173,0.7123287671232877,0.336018411967779,20.13793103448276,14.344827586206897,8.482758620689655,18.06896551724138,5.655172413793103,10.93103448275862,0.1371130988425405,0.3244397011739594,10.482758620689657,18.620689655172413,6.344827586206897,10.241379310344827,0.1261339313016002,0.6896551724137931,20
2026,1270,McNeese St,southland,1,12.0,101.8,12.5,114.3,66.2,99.8,114.8,49,41,91,246,27,64,277,66.5,0.4277530406495655,7.942307692307693,0.3274665824858178,13.776437266434217,-44.52036110711133,13.035714285714286,1.3272727272727274,9.75,66.92857142857143,76.67857142857143,5.357142857142857,0.6822541966426859,20.321428571428573,0.5118902439024391,0.5333333333333333,0.3147826086956522,0.4567073170731707,58.57142857142857,20.535714285714285,26.75,6.464285714285714,0.7428571428571429,0.3841463414634146,22.5,16.714285714285715,28,16.484841521834536,12.535714285714286,6.071428571428571,20.464285714285715,0.4934527911784976,0.492921492921493,0.3293768545994065,0.4169538249483115,51.82142857142857,24.071428571428573,21.607142857142858,7.928571428571429,0.7257799671592775,0.419710544452102,21.75,15.785714285714286,9.464285714285714,17.75,4.142857142857143,12.035714285714286,0.1639136948189653,0.3398617511520737,10.535714285714286,19.25,8.392857142857142,9.821428571428571,0.1254447586899005,0.8214285714285714,23
2026,1274,Miami FL,acc,1,7.0,100.7,20.7,121.4,67.6,103.1,118.0,38,15,33,169,65,38,128,69.3,0.2381720748781423,11.273399014778324,0.5803817874954748,10.838385084718924,-52.653942932041325,16.275862068965516,1.5681063122923589,12.655172413793103,70.03448275862068,82.6896551724138,5.172413793103448,0.7699018538713196,24.344827586206897,0.5592105263157895,0.5817267393126571,0.3405405405405405,0.5051487414187643,60.27586206896552,19.13793103448276,30.448275862068964,6.517241379310345,0.6763358778625955,0.3747139588100686,22.58620689655172,15.275862068965518,29,16.43010273437354,13.482758620689657,5.448275862068965,19.55172413793104,0.5084033613445378,0.4959514170040485,0.3510324483775811,0.4369747899159663,57.44827586206897,23.379310344827587,25.103448275862068,8.206896551724139,0.6877551020408164,0.2941176470588235,16.896551724137932,11.620689655172416,7.275862068965517,18.20689655172414,6.379310344827586,11.20689655172414,0.1472854164778392,0.34902411021814,10.482758620689657,15.586206896551724,6.862068965517241,10.379310344827584,0.1287865822351531,0.7931034482758621,23
2026,1275,Miami OH,mac,1,11.0,108.5,8.3,116.8,69.9,105.0,120.0,156,52,70,44,92,17,42,71.3,0.58979250649874,3.26923076923077,0.1682701877245862,8.81196772112535,-14.27849647713474,15.307692307692308,1.6311475409836065,12.115384615384617,74.88461538461539,87.0,4.615384615384615,0.7440273037542662,25.153846153846157,0.5913272010512483,0.6154747948417351,0.3736920777279521,0.5091984231274639,58.53846153846154,25.73076923076923,29.807692307692307,9.615384615384617,0.7549019607843137,0.4021024967148489,23.53846153846154,17.76923076923077,26,9.467109054307649,12.692307692307692,4.461538461538462,21.884615384615383,0.5028698979591837,0.5081466395112016,0.3293515358361775,0.4413265306122449,60.30769230769231,22.53846153846154,26.615384615384617,7.423076923076923,0.7341269841269842,0.3214285714285714,19.384615384615383,14.23076923076923,8.653846153846153,19.73076923076923,5.846153846153846,11.192307692307692,0.1398527461119975,0.2269021739130435,6.423076923076923,16.692307692307693,6.269230769230769,9.384615384615383,0.1198852246373963,1.0,26
2026,1276,Michigan,big_ten,1,1.0,89.0,37.6,126.6,70.9,97.3,121.1,1,1,8,22,10,11,39,71.3,0.4942993517329628,6.830049261083744,0.2557331456577016,13.98715395379828,-77.14353685796718,19.20689655172414,1.888135593220339,20.24137931034483,68.72413793103448,88.96551724137932,7.103448275862069,0.7507055503292568,27.517241379310345,0.5872388481084133,0.6220472440944883,0.3602649006622516,0.510446075663467,61.06896551724138,26.03448275862069,31.17241379310345,9.379310344827584,0.7374631268436579,0.3828345567476002,23.379310344827587,17.24137931034483,29,15.920909818792646,10.689655172413794,4.586206896551724,17.96551724137931,0.4402702702702702,0.4377923292797006,0.2957746478873239,0.3778378378378378,63.793103448275865,26.93103448275862,24.103448275862068,7.9655172413793105,0.7443762781186093,0.2643243243243243,16.862068965517242,12.551724137931034,9.137931034482758,19.79310344827586,5.758620689655173,10.517241379310343,0.1286832956424882,0.3543990086741016,9.862068965517242,15.79310344827586,6.344827586206897,10.172413793103448,0.1247716045205386,0.9310344827586208,27
2026,1277,Michigan St,big_ten,1,3.0,94.7,28.3,123.0,66.0,101.4,117.2,13,2,24,252,40,42,253,66.8,0.585284802076554,4.957559681697614,0.171988695388683,12.713974572321622,-31.76869804015237,18.344827586206897,1.8798586572438165,11.96551724137931,66.34482758620689,78.3103448275862,5.275862068965517,0.801261829652997,26.27586206896552,0.5348288075560803,0.5352112676056338,0.356120826709062,0.4687131050767414,58.41379310344828,21.689655172413797,27.379310344827587,7.724137931034483,0.7574257425742573,0.3577331759149941,20.89655172413793,15.827586206896552,29,13.72037785459666,12.862068965517242,3.5172413793103448,18.96551724137931,0.4738442822384428,0.4754285714285714,0.3146944083224967,0.4002433090024331,56.689655172413794,26.517241379310345,22.689655172413797,8.344827586206897,0.7393939393939394,0.3010948905109489,17.06896551724138,12.620689655172416,6.517241379310345,18.620689655172413,6.103448275862069,9.20689655172414,0.1254227733934611,0.3707093821510298,11.172413793103448,16.103448275862068,5.068965517241379,9.758620689655173,0.126134317448432,0.8275862068965517,24
2026,1281,Missouri,sec,1,10.0,104.1,15.4,119.5,66.2,109.8,115.5,78,28,50,244,213,58,180,68.4,0.5735278761158851,8.55911330049261,0.1818784724502279,17.25198970917544,-33.458015544764656,14.517241379310343,1.380327868852459,5.655172413793103,74.65517241379311,80.3103448275862,5.137931034482759,0.7099892588614394,22.79310344827586,0.555925030229746,0.5721062618595826,0.3516666666666666,0.4921402660217654,57.03448275862069,20.689655172413797,28.06896551724138,7.275862068965517,0.689170182841069,0.4298669891172914,24.517241379310345,16.896551724137932,29,18.72980028508611,12.862068965517242,4.758620689655173,19.448275862068964,0.5055849500293945,0.4795811518324608,0.3592493297587131,0.4268077601410935,58.6551724137931,25.724137931034484,25.03448275862069,9.241379310344827,0.7542372881355932,0.3468547912992357,20.344827586206897,15.344827586206897,9.310344827586206,18.58620689655172,5.758620689655173,10.10344827586207,0.1300141995030174,0.3317535545023696,9.655172413793103,17.482758620689655,6.172413793103448,10.517241379310343,0.1342524121417001,0.6896551724137931,20
2026,1295,N Dakota St,summit,1,14.0,106.6,5.1,111.7,66.3,102.6,114.6,124,53,124,237,54,67,198,68.0,0.5585709748414718,4.142857142857143,0.1948595842524085,12.418881918274508,-29.128660873267023,15.035714285714286,1.5535055350553506,7.642857142857143,72.03571428571429,79.67857142857143,4.857142857142857,0.7595693779904307,22.678571428571427,0.537144515380151,0.5349544072948329,0.3600543478260869,0.4602437608821823,61.535714285714285,26.285714285714285,28.321428571428573,9.464285714285714,0.7238095238095238,0.3047011027278004,18.75,13.571428571428571,28,13.581616894181542,14.0,4.785714285714286,21.928571428571427,0.52375,0.5336273428886438,0.3405483405483405,0.45,57.142857142857146,24.75,25.714285714285715,8.428571428571429,0.741304347826087,0.2875,16.428571428571427,12.178571428571429,7.178571428571429,15.821428571428571,5.928571428571429,11.214285714285714,0.1483651483651483,0.3207964601769911,10.357142857142858,15.214285714285714,6.75,9.678571428571429,0.1217977528089887,0.75,21
2026,1301,NC State,acc,1,11.0,104.5,19.6,124.1,69.1,108.9,119.0,86,15,20,86,193,26,114,69.6,0.6117766518744341,8.89655172413793,0.1507173680298243,19.971729543181603,-68.68501843448664,16.06896551724138,1.78544061302682,9.10344827586207,75.10344827586206,84.20689655172414,4.137931034482759,0.7142857142857143,23.448275862068964,0.5564924114671164,0.5383064516129032,0.386277001270648,0.4710511523327712,61.3448275862069,27.13793103448276,28.89655172413793,10.482758620689657,0.7649006622516556,0.3395165823496346,20.82758620689655,15.93103448275862,29,21.281019087417192,12.448275862068966,4.620689655172414,23.689655172413797,0.5190249702734839,0.5179153094462542,0.3469119579500657,0.4405469678953627,58.0,26.24137931034483,25.55172413793104,9.10344827586207,0.6923076923076923,0.370986920332937,21.517241379310345,14.89655172413793,9.379310344827584,16.93103448275862,4.862068965517241,11.172413793103448,0.1420703686813765,0.268370607028754,8.689655172413794,18.20689655172414,7.655172413793103,9.0,0.1131947817639303,0.6551724137931034,19
2026,1304,Nebraska,big_ten,1,4.0,92.4,26.1,118.5,66.7,97.8,113.8,7,4,55,218,13,74,232,67.3,0.5066260738035536,5.477453580901859,0.2434178310504965,10.775244404690206,-39.12074454316854,18.27586206896552,2.1457489878542506,13.137931034482758,65.44827586206897,78.58620689655173,4.655172413793103,0.7507692307692309,25.24137931034483,0.5588405797101449,0.5828437132784959,0.3569794050343249,0.4684057971014492,59.48275862068966,30.13793103448276,27.86206896551724,10.758620689655173,0.7663755458515285,0.2655072463768115,15.79310344827586,12.10344827586207,29,12.164715186411163,13.862068965517242,5.103448275862069,23.06896551724138,0.4701360141927854,0.4976798143851508,0.2943305186972256,0.3979893554109994,58.310344827586206,28.58620689655172,23.20689655172414,8.413793103448276,0.7264150943396227,0.2507392075694855,14.620689655172416,10.620689655172416,8.379310344827585,15.586206896551724,4.379310344827586,10.551724137931034,0.1401381230650863,0.2541806020066889,7.862068965517241,14.551724137931034,6.0,8.517241379310345,0.1136405462107549,0.8620689655172413,25
2026,1314,North Carolina,acc,1,6.0,100.5,20.9,121.4,67.9,104.0,115.7,37,11,32,143,77,54,161,68.8,0.2330712203337936,10.955665024630544,0.5881797530802965,10.753357956474185,-80.08875731163039,16.17241379310345,1.9623430962343096,9.758620689655173,71.13793103448276,80.89655172413794,4.965517241379311,0.7527638190954774,25.82758620689655,0.5473012188044108,0.575274177467597,0.3388888888888889,0.4764944863609982,59.41379310344828,24.82758620689655,28.310344827586206,8.413793103448276,0.6835066864784547,0.3905977945443993,23.20689655172414,15.862068965517242,29,16.454819468588596,12.724137931034482,4.172413793103448,21.344827586206897,0.4782016348773842,0.4577586206896551,0.3422222222222222,0.415258855585831,63.27586206896552,23.27586206896552,26.27586206896552,7.9655172413793105,0.7048054919908467,0.2381471389645776,15.06896551724138,10.620689655172416,8.482758620689655,18.655172413793103,4.931034482758621,8.448275862068966,0.1078212192159417,0.3013544018058691,9.20689655172414,14.482758620689657,5.068965517241379,8.241379310344827,0.1058402564965546,0.7931034482758621,23
2026,1320,Northern Iowa,mvc,1,12.0,98.2,11.8,110.0,62.3,97.1,108.1,24,32,153,363,9,183,362,63.4,0.3527883473877711,7.133333333333334,0.4188829232770524,9.785551867280777,-42.819130441327,14.133333333333333,1.675889328063241,6.266666666666667,62.03333333333333,68.3,4.466666666666667,0.7561521252796422,22.53333333333333,0.5320629159104658,0.5441767068273092,0.3424657534246575,0.4640048396854204,55.1,21.9,25.566666666666663,7.5,0.6954436450839327,0.2522686025408348,13.9,9.666666666666666,30,12.613439284141048,10.833333333333334,5.433333333333334,23.933333333333334,0.4739938080495355,0.5063829787234042,0.2859259259259259,0.4142414860681114,53.833333333333336,22.5,22.3,6.433333333333334,0.7081545064377682,0.2885448916408669,15.533333333333331,11.0,7.266666666666667,14.533333333333331,5.033333333333333,9.0,0.1291841304472641,0.1887005649717514,5.566666666666666,15.1,5.266666666666667,8.433333333333334,0.1210827574324712,0.6,18
2026,1326,Ohio St,big_ten,1,8.0,102.1,22.2,124.3,66.1,108.3,118.3,54,9,17,251,171,34,263,66.6,0.3798620152341984,6.480295566502464,0.3845711201493895,12.76362933512407,-52.24171845060288,14.20689655172414,1.6680161943319838,6.448275862068965,73.17241379310344,79.62068965517241,4.275862068965517,0.703344120819849,22.48275862068965,0.5556231003039513,0.577889447236181,0.3476923076923077,0.4869300911854103,56.72413793103448,22.41379310344828,27.620689655172413,7.793103448275862,0.7733118971061093,0.3781155015197568,21.448275862068964,16.586206896551722,29,15.976738016111677,13.310344827586206,4.724137931034483,19.82758620689655,0.4982394366197182,0.5207100591715974,0.3101449275362319,0.4354460093896713,58.75862068965517,23.79310344827586,25.58620689655172,7.379310344827586,0.7348353552859619,0.3386150234741784,19.89655172413793,14.620689655172416,9.482758620689657,19.20689655172414,4.965517241379311,8.793103448275861,0.1152344456093416,0.282147315855181,7.793103448275862,17.896551724137932,4.413793103448276,8.517241379310345,0.1140519374976912,0.6206896551724138,18
2026,1335,Penn,ivy,1,14.0,105.9,1.5,107.4,69.0,105.7,107.4,111,63,204,87,106,199,158,68.8,0.4012756397792303,6.386666666666667,0.35847085952177,9.667943018729405,-31.084221399122036,13.56,1.389344262295082,0.28,73.96,74.24,4.72,0.7166666666666667,22.36,0.5023712737127372,0.4648033126293996,0.3823529411764706,0.4363143631436315,59.04,20.4,25.76,7.8,0.6856617647058822,0.3685636856368564,21.76,14.92,25,11.816372821922414,14.28,5.8,23.64,0.5206666666666667,0.5471491228070176,0.3197278911564625,0.458,60.0,23.52,27.48,7.52,0.6705607476635513,0.2853333333333333,17.12,11.48,8.84,19.0,5.56,9.04,0.118057587028292,0.290516206482593,9.68,17.08,4.96,9.76,0.1245304589253633,0.56,14
2026,1341,Prairie View,swac,1,16.0,111.9,-10.7,101.2,70.9,106.7,103.8,232,110,310,23,130,276,13,72.8,0.5092405806306344,4.480769230769231,0.2408448076997569,12.559217997874182,-20.745487496573364,10.923076923076923,1.0716981132075474,-5.230769230769231,82.0,76.76923076923077,6.576923076923077,0.6626650660264105,21.23076923076923,0.4736673089274245,0.4712430426716141,0.3194154488517745,0.4245343609505459,59.88461538461539,18.423076923076923,25.423076923076923,5.884615384615385,0.7605839416058394,0.4399486191393705,26.346153846153847,20.03846153846154,26,14.123194234471724,13.423076923076923,6.884615384615385,25.53846153846154,0.5249190938511328,0.515181194906954,0.3625954198473282,0.4634304207119741,59.42307692307692,20.153846153846157,27.53846153846154,7.3076923076923075,0.7369942196531792,0.4478964401294499,26.615384615384617,19.615384615384617,10.807692307692308,21.03846153846154,4.923076923076923,11.653846153846152,0.1407678584702296,0.246311010215664,8.346153846153847,20.03846153846154,7.0,10.192307692307692,0.1247998492982951,0.3461538461538461,9
2026,1345,Purdue,big_ten,1,2.0,100.4,31.2,131.6,64.4,107.4,124.7,36,1,1,324,143,2,325,65.3,0.3796395941485214,9.92838196286472,0.3848470331482112,13.100524782304872,-55.38120326118911,19.58620689655172,2.3666666666666663,12.379310344827584,69.93103448275862,82.3103448275862,4.137931034482759,0.7544052863436124,23.620689655172413,0.5775171624713958,0.5791505791505792,0.3834269662921348,0.4994279176201373,60.27586206896552,24.55172413793104,30.103448275862068,9.413793103448276,0.7404426559356138,0.284324942791762,17.137931034482758,12.689655172413794,29,16.40212049249262,14.06896551724138,4.310344827586207,19.27586206896552,0.5147412755716004,0.5286975717439294,0.332010582010582,0.4392298435619735,57.310344827586206,26.06896551724138,25.17241379310345,8.655172413793103,0.7075892857142857,0.269554753309266,15.448275862068966,10.93103448275862,7.689655172413793,17.17241379310345,4.620689655172414,9.06896551724138,0.1239326711024824,0.3392434988179669,9.89655172413793,15.03448275862069,4.793103448275862,8.275862068965518,0.1087606721409538,0.7586206896551724,22
2026,1365,Santa Clara,wcc,1,10.0,104.2,19.4,123.6,69.2,105.1,119.0,82,10,23,82,94,27,115,69.6,0.5580701690067971,6.7333333333333325,0.1953019755216809,13.96085689774658,-46.24906018821859,16.766666666666666,1.562111801242236,10.733333333333333,73.06666666666666,83.8,4.933333333333334,0.6998892580287929,21.066666666666663,0.5484785972150592,0.5715613382899627,0.3464658169177289,0.4713769984528106,64.63333333333334,28.766666666666666,30.466666666666665,9.966666666666669,0.7485493230174081,0.2666322846828262,17.233333333333334,12.9,30,15.292399133699323,14.866666666666667,4.866666666666666,20.866666666666667,0.5168471720818292,0.5308880308880309,0.329073482428115,0.4548736462093863,55.4,20.866666666666667,25.2,6.866666666666666,0.7348837209302326,0.388086642599278,21.5,15.8,9.033333333333331,15.833333333333334,5.966666666666667,12.8,0.1648210146793716,0.3499480789200415,11.233333333333333,19.866666666666667,7.833333333333333,10.733333333333333,0.1293962579566643,0.7666666666666667,23
2026,1373,Siena,maac,1,16.0,109.2,-2.1,107.1,64.6,101.8,109.7,175,59,210,319,43,143,350,64.3,0.4507954393474095,2.845161290322581,0.3016256494416049,10.144169693849104,-26.720220678920462,13.225806451612904,1.5648854961832062,4.354838709677419,66.45161290322581,70.80645161290323,4.645161290322581,0.7225186766275347,21.83870967741936,0.5098894706224549,0.5374149659863945,0.3001841620626151,0.4624781849912739,55.45161290322581,17.516129032258064,25.64516129032258,5.258064516129032,0.7620689655172413,0.3374054682955206,18.70967741935484,14.258064516129032,31,11.934678845272083,11.580645161290322,5.096774193548387,20.032258064516128,0.4968041836141778,0.4966507177033493,0.3313609467455621,0.431725740848344,55.516129032258064,21.806451612903224,23.967741935483872,7.225806451612903,0.720164609053498,0.2823939570017432,15.67741935483871,11.290322580645162,8.387096774193548,16.548387096774192,5.451612903225806,10.32258064516129,0.1419169431090454,0.2998872604284104,8.580645161290322,14.064516129032258,5.548387096774194,8.451612903225806,0.1171630444504069,0.6451612903225806,20
2026,1374,SMU,acc,1,11.0,104.8,18.1,122.9,68.5,109.6,118.1,91,12,26,115,210,37,67,70.7,0.2444827190630725,7.84975369458128,0.5708063617943282,10.994803520198444,-63.85416989005871,17.448275862068964,1.775438596491228,7.793103448275862,78.0,85.79310344827586,5.206896551724138,0.7152988855116514,24.344827586206897,0.5639823496966355,0.5612848689771767,0.3793650793650793,0.4980694980694981,62.51724137931034,21.724137931034484,31.13793103448276,8.241379310344827,0.7445378151260504,0.3281853281853282,20.517241379310345,15.275862068965518,29,16.48024642314209,16.310344827586206,4.620689655172414,21.0,0.5097006651884701,0.5177824267782428,0.3337264150943396,0.4312638580931264,62.206896551724135,29.24137931034483,26.82758620689655,9.758620689655173,0.7255574614065181,0.3231707317073171,20.103448275862068,14.586206896551724,9.689655172413794,17.862068965517242,6.241379310344827,10.79310344827586,0.1318716505443392,0.3210702341137124,9.93103448275862,17.17241379310345,6.310344827586207,9.827586206896552,0.1207729468599033,0.6551724137931034,19
2026,1378,South Florida,aac,1,11.0,100.9,16.4,117.3,71.5,102.2,117.1,40,14,61,15,49,44,12,72.9,0.4354929910522145,2.563186813186814,0.3186681631511752,12.419575416271506,-37.7707183136834,16.785714285714285,1.540983606557377,9.821428571428571,77.64285714285714,87.46428571428571,5.642857142857143,0.721025641025641,25.107142857142858,0.5087145969498912,0.5199222546161322,0.3296158612143742,0.4362745098039216,65.57142857142857,28.821428571428573,28.607142857142858,9.5,0.7439180537772088,0.4253812636165577,27.892857142857142,20.75,28,14.764957441657874,13.357142857142858,7.107142857142857,22.678571428571427,0.4896013864818025,0.4641833810888253,0.3523391812865497,0.4199884459849798,61.82142857142857,24.428571428571427,25.964285714285715,8.607142857142858,0.7013177159590044,0.3945696129404968,24.392857142857142,17.107142857142858,9.714285714285714,20.071428571428573,6.392857142857143,11.607142857142858,0.1379152309337497,0.3546747967479675,12.464285714285714,19.964285714285715,7.535714285714286,10.892857142857142,0.1227542018159572,0.7142857142857143,20
2026,1385,St John's,big_east,1,5.0,94.2,25.9,120.1,69.6,98.6,114.3,12,4,44,68,19,69,54,71.0,0.4097497465304166,9.598522167487683,0.3483953617209074,13.70013719048047,-53.79386905082381,16.17241379310345,1.6341463414634148,11.758620689655173,70.79310344827586,82.55172413793103,5.862068965517241,0.7341101694915255,23.89655172413793,0.5105908584169454,0.5083752093802345,0.3433333333333333,0.4531772575250836,61.86206896551724,20.689655172413797,28.03448275862069,7.103448275862069,0.727979274611399,0.4303232998885173,26.620689655172413,19.379310344827587,29,16.666165838123728,12.03448275862069,5.758620689655173,21.82758620689655,0.4772465437788019,0.4730803177405119,0.3233830845771144,0.4210829493087558,59.86206896551724,20.79310344827586,25.20689655172414,6.724137931034483,0.72,0.3168202764976958,18.96551724137931,13.655172413793103,8.655172413793103,20.79310344827586,6.068965517241379,11.482758620689657,0.1440934660320207,0.3371727748691099,11.10344827586207,17.551724137931036,7.137931034482759,9.89655172413793,0.1185617264570286,0.7931034482758621,23
2026,1387,St Louis,a_ten,1,9.0,101.2,18.3,119.5,71.0,98.7,120.3,42,14,51,21,20,15,26,71.9,0.4575687965208377,6.321428571428569,0.2942316105078524,13.590329905072355,-39.36774379731795,18.571428571428573,1.6828478964401294,18.321428571428573,69.96428571428571,88.28571428571429,5.178571428571429,0.7533333333333333,28.25,0.6043272080616479,0.5900755124056094,0.4144736842105263,0.5109662122110255,60.25,27.142857142857142,30.785714285714285,11.25,0.7376490630323679,0.3479549496147007,20.964285714285715,15.464285714285714,28,15.874632854147157,11.821428571428571,5.535714285714286,20.178571428571427,0.435957696827262,0.4376869391824526,0.2889842632331902,0.3766157461809635,60.785714285714285,24.964285714285715,22.892857142857142,7.214285714285714,0.729646697388633,0.3824911868390129,23.25,16.964285714285715,9.25,16.642857142857142,6.571428571428571,10.178571428571429,0.1253606868885917,0.3033292231812577,8.785714285714286,18.821428571428573,6.714285714285714,11.035714285714286,0.1370725908050464,0.8928571428571429,25
2026,1388,St Mary's CA,wcc,1,7.0,97.2,23.1,120.3,65.2,98.3,117.2,19,7,43,297,17,43,282,66.4,0.5983132705072851,5.166666666666666,0.1613522286505535,12.21639742650205,-32.198592329422986,15.433333333333334,1.6360424028268552,12.9,64.93333333333334,77.83333333333333,4.7,0.7911200807265388,26.133333333333333,0.5303643724696356,0.5009041591320073,0.3884430176565008,0.4603817235396183,57.63333333333333,20.766666666666666,26.53333333333333,8.066666666666666,0.8080645161290322,0.3585887796414112,20.666666666666668,16.7,30,13.107907589669312,12.633333333333333,4.7,19.066666666666663,0.4630584192439863,0.4642533936651584,0.3073322932917317,0.4066437571592211,58.2,21.366666666666667,23.666666666666668,6.566666666666666,0.7339246119733924,0.2583046964490263,15.033333333333331,11.033333333333331,6.9,18.03333333333333,5.266666666666667,8.3,0.113520315121453,0.365149833518313,10.966666666666669,15.5,5.4,9.433333333333334,0.1238620448179271,0.8666666666666667,26
2026,1395,TCU,big_twelve,1,9.0,97.8,17.6,115.4,67.7,102.0,110.9,22,11,81,159,44,124,108,69.7,0.3066831393565635,8.278514588859416,0.4806882692524702,11.853410355348691,-52.08831017538201,15.79310344827586,1.5115511551155114,6.413793103448276,71.86206896551724,78.27586206896552,6.206896551724138,0.7329545454545455,22.24137931034483,0.5085714285714286,0.5158658204895739,0.330757341576507,0.4474285714285714,60.3448275862069,22.310344827586206,27.0,7.379310344827586,0.7070707070707071,0.396,23.89655172413793,16.896551724137932,29,16.15221621542848,16.103448275862068,5.689655172413793,21.517241379310345,0.5097748815165877,0.509952606635071,0.3396524486571879,0.4460900473933649,58.206896551724135,21.82758620689655,25.96551724137931,7.413793103448276,0.7048543689320389,0.3050947867298578,17.75862068965517,12.517241379310343,8.10344827586207,19.379310344827587,5.965517241379311,11.689655172413794,0.1504259850905218,0.3187772925764192,10.06896551724138,16.448275862068964,6.448275862068965,10.448275862068966,0.12850308746692,0.6551724137931034,19
2026,1397,Tennessee,sec,1,6.0,95.0,26.1,121.1,65.0,102.3,117.0,15,3,37,307,50,46,230,67.3,0.3262374676119886,10.637931034482758,0.4539559500499062,13.20297167011062,-71.9260307999938,17.03448275862069,1.5341614906832295,10.862068965517242,69.20689655172414,80.06896551724138,4.793103448275862,0.7615148413510747,25.655172413793103,0.5200451722190853,0.5229357798165137,0.3426573426573426,0.4647092038396386,61.06896551724138,19.724137931034484,28.379310344827587,6.758620689655173,0.6956521739130436,0.3896103896103896,23.79310344827586,16.551724137931036,29,17.545296760774534,10.79310344827586,5.275862068965517,17.75862068965517,0.4773404889683958,0.4935205183585313,0.3049267643142476,0.4090638044126416,57.82758620689656,25.89655172413793,23.655172413793103,7.896551724137931,0.6904761904761905,0.3506261180679785,20.27586206896552,14.0,8.03448275862069,18.96551724137931,6.965517241379311,9.827586206896552,0.1283367556468172,0.4480171489817792,14.413793103448276,17.79310344827586,6.758620689655173,11.10344827586207,0.1343570057581574,0.6896551724137931,20
2026,1398,Tennessee St,ovc,1,15.0,110.9,-1.8,109.1,70.2,104.0,110.2,212,44,173,36,76,133,74,70.6,0.8475408265807312,-1.3333333333333333,0.0232437995596866,14.093727006066992,8.287224820645376,12.555555555555555,1.1649484536082473,3.0,74.88888888888889,77.88888888888889,5.555555555555555,0.726161369193154,22.0,0.4949344457687724,0.5017035775127768,0.3194444444444444,0.4469606674612634,62.14814814814815,18.666666666666668,27.77777777777778,5.962962962962963,0.7594501718213058,0.3468414779499404,21.55555555555556,16.37037037037037,27,13.98350676827746,12.62962962962963,6.444444444444445,22.666666666666668,0.5186294078509648,0.5242518059855522,0.3389513108614231,0.458416500332668,55.66666666666666,19.77777777777778,25.51851851851852,6.703703703703703,0.718944099378882,0.4284763805721889,23.85185185185185,17.14814814814815,8.296296296296296,17.11111111111111,6.185185185185185,11.51851851851852,0.1482816493115154,0.3177257525083612,10.555555555555555,18.88888888888889,7.555555555555555,10.77777777777778,0.1307818145864418,0.6666666666666666,18
2026,1400,Texas,sec,1,11.0,105.9,19.1,125.0,66.9,111.2,119.5,112,8,13,206,250,22,170,68.6,0.2655976818717864,9.678571428571429,0.5393467648720938,11.815890292495729,-55.10592297615021,11.642857142857142,1.2635658914728682,7.678571428571429,75.39285714285714,83.07142857142857,4.0,0.7579545454545454,23.821428571428573,0.5488487865588052,0.563049853372434,0.3493150684931507,0.4853764779091474,57.392857142857146,20.857142857142858,27.857142857142858,7.285714285714286,0.7543624161073826,0.4635967641568139,26.607142857142858,20.071428571428573,28,17.083788224683076,11.75,4.0,19.035714285714285,0.5074441687344914,0.4929444967074319,0.3570127504553734,0.4466501240694789,57.57142857142857,19.607142857142858,25.714285714285715,7.0,0.7341576506955177,0.4013647642679901,23.107142857142858,16.964285714285715,7.607142857142857,21.464285714285715,5.785714285714286,8.892857142857142,0.1160471272510346,0.3570566948130277,10.571428571428571,18.75,5.5,9.214285714285714,0.1176577891280554,0.6071428571428571,17
2026,1401,Texas A&M,sec,1,10.0,101.0,18.7,119.7,70.5,107.7,118.1,41,8,49,29,156,36,15,72.6,0.2214025456894104,14.007389162561577,0.6062139958589305,12.563690881125265,-79.1904796056786,18.689655172413797,1.956678700361011,9.20689655172414,78.86206896551724,88.06896551724138,4.965517241379311,0.6916076845298281,23.58620689655172,0.5483091787439613,0.5495495495495495,0.3645833333333333,0.463768115942029,64.24137931034483,29.79310344827586,29.79310344827586,10.862068965517242,0.7448979591836734,0.3682232957595276,23.655172413793103,17.620689655172413,29,19.660292306984125,15.137931034482758,4.827586206896552,23.48275862068965,0.5064389697648376,0.5248565965583173,0.3202702702702703,0.4400895856662933,61.58620689655172,25.517241379310345,27.103448275862068,8.172413793103448,0.757527733755943,0.3533034714445688,21.75862068965517,16.482758620689655,10.517241379310343,18.655172413793103,6.448275862068965,12.03448275862069,0.1446548179587505,0.3029682702149437,10.20689655172414,19.448275862068964,7.379310344827586,9.551724137931034,0.1134390459653376,0.6551724137931034,19
2026,1403,Texas Tech,big_twelve,1,5.0,99.8,25.2,125.0,66.2,106.8,117.8,33,3,12,243,131,39,203,68.0,0.4282151188294119,9.31527093596059,0.3269379503352636,12.772381791788694,-70.3191357773804,16.103448275862068,1.8531746031746028,9.827586206896552,72.20689655172414,82.03448275862068,5.068965517241379,0.7274611398963731,24.20689655172414,0.5652295632698768,0.5402542372881357,0.3954869358669833,0.4720044792833147,61.58620689655172,29.03448275862069,29.06896551724138,11.482758620689657,0.7157057654075547,0.2816349384098544,17.344827586206897,12.413793103448276,29,15.287877937197829,10.93103448275862,3.689655172413793,21.13793103448276,0.4902186421173763,0.500443655723159,0.3142389525368249,0.4349827387802071,59.93103448275862,21.06896551724138,26.06896551724138,6.620689655172414,0.6964285714285715,0.3222094361334868,19.310344827586206,13.448275862068966,9.06896551724138,16.413793103448278,5.068965517241379,9.482758620689657,0.121713729308666,0.3300546448087432,10.413793103448276,16.413793103448278,6.206896551724138,8.689655172413794,0.1115379848804065,0.7586206896551724,22
2026,1407,Troy,sun_belt,1,13.0,109.0,1.7,110.7,64.9,106.4,112.2,166,30,141,309,120,102,245,67.0,0.8521165987084353,1.3300492610837438,0.0218695003775619,12.363381018523912,-9.332786548710958,15.20689655172414,1.53125,3.2413793103448274,75.10344827586206,78.34482758620689,4.862068965517241,0.6993865030674847,23.58620689655172,0.5167804323094426,0.528042328042328,0.3357933579335793,0.4391353811149033,60.62068965517241,28.03448275862069,26.620689655172413,9.413793103448276,0.7338709677419355,0.3526734926052332,21.379310344827587,15.689655172413794,29,12.275571480481624,13.344827586206897,4.827586206896552,21.86206896551724,0.5045402951191827,0.5193014705882353,0.3204747774480712,0.4432463110102156,60.75862068965517,23.24137931034483,26.93103448275862,7.448275862068965,0.70298769771529,0.3229284903518728,19.620689655172413,13.79310344827586,10.137931034482758,16.896551724137932,5.793103448275862,10.93103448275862,0.1360888827832537,0.325531914893617,10.551724137931034,16.75862068965517,6.862068965517241,9.93103448275862,0.1242021735380369,0.6206896551724138,18
2026,1416,UCF,big_twelve,1,10.0,105.4,15.1,120.5,69.2,110.3,113.6,101,9,40,78,229,79,71,70.6,0.4207737483448667,3.6071428571428568,0.3355030506064558,12.501054197448804,-52.63162028246976,16.5,1.6153846153846154,4.392857142857143,77.75,82.14285714285714,4.357142857142857,0.7308132875143184,22.785714285714285,0.5457927876359473,0.529049295774648,0.3846153846153846,0.4785346307956497,62.392857142857146,21.821428571428573,29.857142857142858,8.392857142857142,0.7543186180422266,0.298225529479107,18.607142857142858,14.035714285714286,28,15.048906163558094,14.464285714285714,4.785714285714286,20.785714285714285,0.5253882915173238,0.5393034825870646,0.336322869955157,0.4581839904420549,59.785714285714285,23.892857142857142,27.392857142857142,8.035714285714286,0.7424511545293073,0.3363201911589008,20.107142857142858,14.928571428571429,8.392857142857142,16.892857142857142,5.571428571428571,9.785714285714286,0.1247882243637622,0.3310344827586207,10.285714285714286,17.035714285714285,5.142857142857143,10.214285714285714,0.1264233679892496,0.7142857142857143,20
2026,1417,UCLA,big_ten,1,7.0,102.1,21.6,123.7,64.6,107.2,117.1,53,4,22,318,138,45,310,65.7,0.4917104242224073,9.790640394088667,0.2583582928441651,14.649964123434971,-61.6162920815657,15.96551724137931,1.9372384937238492,6.137931034482759,71.65517241379311,77.79310344827586,4.172413793103448,0.6909722222222222,20.58620689655172,0.5354191263282173,0.5173041894353371,0.3791946308724832,0.4687131050767414,58.41379310344828,20.55172413793104,27.379310344827587,7.793103448275862,0.768695652173913,0.3394332939787485,19.82758620689655,15.241379310344827,29,16.704841338304625,14.758620689655173,4.0,20.689655172413797,0.5064734895191122,0.5331088664421999,0.3160054719562243,0.4352651048088779,55.93103448275862,25.20689655172414,24.344827586206897,7.9655172413793105,0.7578397212543554,0.3538840937114673,19.79310344827586,15.0,9.20689655172414,18.27586206896552,5.068965517241379,10.344827586206897,0.1379589434184386,0.2890995260663507,8.413793103448276,17.24137931034483,5.517241379310345,8.241379310344827,0.1093321134492223,0.6551724137931034,19
2026,1420,UMBC,aec,1,16.0,109.9,-1.7,108.2,66.2,101.5,112.8,192,28,183,242,41,92,279,66.4,0.6677091437926662,4.115384615384615,0.1104172131190029,14.891364781596655,-14.266674100444847,11.923076923076923,1.4155251141552512,5.115384615384615,68.84615384615384,73.96153846153847,3.576923076923077,0.7714958775029447,25.192307692307693,0.5311004784688996,0.5391400220507165,0.3453237410071942,0.4654818865345181,56.26923076923077,21.384615384615383,26.192307692307693,7.384615384615385,0.754601226993865,0.3342447026657553,18.807692307692307,14.192307692307692,26,15.469523387814952,11.461538461538462,4.269230769230769,23.384615384615383,0.4980392156862746,0.4968944099378882,0.3333333333333333,0.4366013071895425,58.84615384615385,21.692307692307693,25.692307692307693,7.230769230769231,0.6803069053708439,0.2555555555555555,15.038461538461538,10.23076923076923,7.461538461538462,15.576923076923077,4.807692307692308,8.076923076923077,0.1098303382774418,0.2154838709677419,6.423076923076923,13.576923076923077,3.807692307692308,8.423076923076923,0.1154357038942419,0.6923076923076923,18
2026,1429,Utah St,mwc,1,9.0,101.4,20.7,122.1,67.7,103.4,119.6,45,4,28,158,68,19,185,68.3,0.5304243447262984,7.887362637362637,0.2205012960257262,13.90268416983779,-37.19402852357966,17.285714285714285,1.7728937728937728,12.035714285714286,70.28571428571429,82.32142857142857,4.571428571428571,0.6955503512880562,21.214285714285715,0.5752457002457002,0.5964730290456431,0.3629518072289157,0.5012285012285012,58.142857142857146,23.714285714285715,29.142857142857142,8.607142857142858,0.7012987012987013,0.3783783783783783,22.0,15.428571428571429,28,15.452393181201902,11.142857142857142,5.178571428571429,19.642857142857142,0.4896707553260168,0.481359649122807,0.3343799058084772,0.420916720464816,55.32142857142857,22.75,23.285714285714285,7.607142857142857,0.739344262295082,0.3938024531956101,21.785714285714285,16.107142857142858,9.285714285714286,18.035714285714285,5.214285714285714,11.821428571428571,0.1540681437348724,0.3201483312731767,9.25,18.928571428571427,7.535714285714286,9.75,0.1256882930332774,0.8214285714285714,23
2026,1433,VCU,a_ten,1,11.0,102.7,17.2,119.9,68.5,103.2,117.8,60,4,46,116,66,40,124,69.4,0.3900657665281958,5.909814323607426,0.3720197691608373,10.949964252316883,-39.22445122888895,14.586206896551724,1.4636678200692044,10.551724137931034,72.79310344827586,83.34482758620689,5.793103448275862,0.7319915254237289,23.82758620689655,0.543580683156655,0.5420660276890309,0.3636363636363636,0.4623085983510012,58.55172413793103,26.17241379310345,27.06896551724138,9.517241379310343,0.7396373056994819,0.4546525323910483,26.620689655172413,19.689655172413797,29,13.568835635109254,12.551724137931034,4.448275862068965,21.06896551724138,0.4877977919814061,0.4794040315512707,0.3362068965517241,0.431144683323649,59.3448275862069,20.0,25.58620689655172,6.724137931034483,0.7212020033388982,0.3480534572922719,20.655172413793103,14.89655172413793,8.724137931034482,20.620689655172413,5.827586206896552,10.517241379310343,0.1332133685074861,0.3278327832783278,10.275862068965518,17.551724137931036,7.068965517241379,9.96551724137931,0.1242113225712173,0.7586206896551724,22
2026,1435,Vanderbilt,sec,1,5.0,99.3,27.5,126.8,68.8,105.9,121.2,31,1,7,98,109,9,62,70.8,0.5045532952894028,7.049261083743842,0.2454674372085896,15.12383320828729,-39.44389373774075,16.620689655172413,2.077586206896552,12.379310344827584,74.51724137931035,86.89655172413794,6.068965517241379,0.7366737739872068,23.82758620689655,0.5603593486805166,0.5831643002028398,0.3547169811320754,0.4811903425042111,61.41379310344828,27.41379310344828,29.55172413793104,9.724137931034482,0.782089552238806,0.3761931499157776,23.103448275862068,18.06896551724138,29,17.097229919959563,11.06896551724138,4.103448275862069,21.86206896551724,0.4836892052194543,0.4927255092143548,0.3129770992366412,0.4228944246737841,58.13793103448276,22.58620689655172,24.58620689655172,7.068965517241379,0.7593123209169054,0.4139976275207592,24.06896551724138,18.27586206896552,8.517241379310345,19.103448275862068,4.206896551724138,11.379310344827584,0.1420503460862977,0.2852311161217587,8.724137931034482,19.517241379310345,7.9655172413793105,8.0,0.1005286419967068,0.7586206896551724,22
2026,1437,Villanova,big_east,1,8.0,100.4,20.0,120.4,65.2,105.1,115.1,35,3,41,296,95,61,276,66.5,0.4333064071436813,7.509283819628647,0.321141628184403,11.987182975896022,-73.43231799416837,15.275862068965518,1.678030303030303,6.413793103448276,70.75862068965517,77.17241379310344,3.9655172413793114,0.6978335233751425,21.103448275862068,0.536662817551963,0.5404255319148936,0.3547979797979798,0.4555427251732101,59.72413793103448,27.310344827586206,27.20689655172414,9.689655172413794,0.6865942028985507,0.3187066974595843,19.03448275862069,13.06896551724138,29,14.286650215646649,13.862068965517242,4.827586206896552,22.0,0.5135460565924141,0.5148325358851675,0.3409090909090909,0.4503311258278145,57.27586206896552,21.24137931034483,25.79310344827586,7.241379310344827,0.7119341563786009,0.2925948223961468,16.75862068965517,11.93103448275862,9.137931034482758,16.862068965517242,4.655172413793103,10.241379310344827,0.1367504051863857,0.3042529989094875,9.620689655172416,16.06896551724138,5.965517241379311,9.10344827586207,0.1179161009075966,0.7586206896551724,22
2026,1438,Virginia,acc,1,3.0,95.8,26.7,122.5,65.7,100.9,119.3,16,1,27,271,36,23,272,66.5,0.3633972918807416,7.113300492610836,0.4052630079847736,11.976843899934432,-49.86705161444979,16.724137931034484,1.776556776556777,13.172413793103448,68.06896551724138,81.24137931034483,7.0,0.735678391959799,25.24137931034483,0.5452488687782805,0.5546129374337221,0.3563636363636364,0.46210407239819,60.96551724137931,28.448275862068964,28.17241379310345,10.137931034482758,0.7157190635451506,0.338235294117647,20.620689655172413,14.758620689655173,29,15.25045424503162,11.724137931034482,4.586206896551724,19.96551724137931,0.4531615925058548,0.4484679665738161,0.3074484944532488,0.3963700234192037,58.89655172413793,21.75862068965517,23.344827586206897,6.689655172413793,0.7421602787456446,0.3360655737704918,19.79310344827586,14.689655172413794,9.06896551724138,17.896551724137932,5.724137931034483,9.413793103448276,0.1222264009025949,0.3733766233766234,11.89655172413793,17.93103448275862,6.689655172413793,9.413793103448276,0.1184834123222748,0.8620689655172413,25
2026,1458,Wisconsin,big_ten,1,5.0,102.0,23.3,125.3,68.7,108.6,118.9,51,1,11,104,181,28,152,68.9,0.4013248270764996,9.426108374384237,0.3584119626749831,14.22694158725411,-48.96590250954142,15.827586206896552,1.8811475409836065,6.931034482758621,76.03448275862068,82.96551724137932,4.241379310344827,0.751357220412595,23.86206896551724,0.5399556048834627,0.5484606613454961,0.3545945945945946,0.448945615982242,62.13793103448276,31.89655172413793,27.89655172413793,11.310344827586206,0.777027027027027,0.3285238623751387,20.41379310344828,15.862068965517242,29,17.44159853929425,13.344827586206897,4.724137931034483,23.27586206896552,0.5137299771167048,0.5223171889838556,0.3338129496402878,0.4473684210526316,60.27586206896552,23.96551724137931,26.96551724137931,8.0,0.7316636851520573,0.3197940503432494,19.27586206896552,14.10344827586207,7.896551724137931,17.689655172413794,5.068965517241379,8.068965517241379,0.1050288155981256,0.2788461538461538,9.0,17.344827586206897,4.931034482758621,8.413793103448276,0.1057889077728833,0.6896551724137931,20
2026,1460,Wright St,horizon,1,14.0,110.0,2.1,112.1,67.2,108.9,115.5,193,4,117,192,190,57,148,69.0,0.8060291432644573,2.4458128078817736,0.0376246932627204,11.909416820307875,-10.95675635023596,13.10344827586207,1.3768115942028984,3.4827586206896552,75.82758620689656,79.3103448275862,6.413793103448276,0.7253765932792584,21.58620689655172,0.5435168738898757,0.5412926391382408,0.3652173913043478,0.4813499111900533,58.241379310344826,19.82758620689655,28.03448275862069,7.241379310344827,0.7424,0.3700414446417999,21.55172413793104,16.0,29,11.921231628770494,12.20689655172414,5.137931034482759,20.06896551724138,0.529603315571344,0.5423423423423424,0.3367875647668394,0.4718768502072232,58.241379310344826,19.96551724137931,27.48275862068965,6.724137931034483,0.7295373665480427,0.3327412670219065,19.379310344827587,14.137931034482758,8.172413793103448,18.27586206896552,5.689655172413793,10.655172413793103,0.1376220337775244,0.3120567375886524,9.10344827586207,17.344827586206897,6.586206896551724,9.517241379310343,0.1232142857142857,0.6206896551724138,18
2026,1465,Cal Baptist,wac,1,13.0,101.9,6.0,107.9,65.8,99.1,107.0,50,95,191,265,22,208,223,67.4,0.7271157733932161,2.7167487684729066,0.0744658011307826,11.55029491704528,-16.720587362095788,10.275862068965518,1.041958041958042,4.068965517241379,68.06896551724138,72.13793103448276,4.620689655172414,0.7388535031847134,24.0,0.4753193960511033,0.4687232219365895,0.3261261261261261,0.4227642276422764,59.37931034482759,19.13793103448276,25.103448275862068,6.241379310344827,0.7233704292527822,0.3652729384436701,21.689655172413797,15.689655172413794,29,11.789617207171132,11.0,5.517241379310345,21.448275862068964,0.4626955475330926,0.469964664310954,0.2981132075471698,0.4151624548736462,57.310344827586206,18.27586206896552,23.79310344827586,5.448275862068965,0.7290969899665553,0.3598074608904933,20.620689655172413,15.03448275862069,8.482758620689655,18.17241379310345,6.413793103448276,9.827586206896552,0.128952274084665,0.3653061224489796,12.344827586206897,18.655172413793103,5.206896551724138,9.862068965517242,0.125177261506679,0.7241379310344828,21
2026,1474,Queens NC,a_sun,1,15.0,117.2,-1.4,115.8,69.6,116.8,119.3,322,69,77,65,343,24,65,70.7,0.3835270906188062,9.976190476190476,0.3800388480009136,15.04586576450408,-45.47407257291128,15.733333333333333,1.6109215017064844,1.1666666666666667,83.5,84.66666666666667,4.466666666666667,0.7009646302250804,21.8,0.5660377358490566,0.5974973931178311,0.3534994068801897,0.4833518312985571,60.06666666666667,28.1,29.03333333333333,9.933333333333334,0.75642965204236,0.3668146503884573,22.03333333333333,16.666666666666668,30,18.77651382084459,13.8,5.433333333333334,21.266666666666666,0.5473946784922394,0.5472910927456383,0.365034965034965,0.4750554323725055,60.13333333333333,23.83333333333333,28.566666666666663,8.7,0.7361111111111112,0.3991130820399113,24.0,17.666666666666668,9.3,18.766666666666666,5.5,8.566666666666666,0.1080831020270838,0.289532293986637,8.666666666666666,19.966666666666665,4.533333333333333,9.766666666666667,0.122807899942997,0.5666666666666667,17
