Season,DayNum,TeamAID,TeamBID,target_teamA_win
2003,134,1411,1421,0
2003,134,1421,1411,1
2003,136,1112,1436,1
2003,136,1113,1272,1
2003,136,1140,1163,0
2003,136,1141,1166,1
2003,136,1143,1301,1
2003,136,1153,1211,0
2003,136,1161,1181,0
2003,136,1163,1140,1
2003,136,1166,1141,0
2003,136,1173,1409,0
2003,136,1181,1161,1
2003,136,1211,1153,1
2003,136,1221,1266,0
2003,136,1228,1443,1
2003,136,1242,1429,1
2003,136,1266,1221,1
2003,136,1272,1113,0
2003,136,1281,1356,1
2003,136,1301,1143,0
2003,136,1323,1454,1
2003,136,1328,1354,1
2003,136,1354,1328,0
2003,136,1356,1281,0
2003,136,1360,1390,0
2003,136,1390,1360,1
2003,136,1409,1173,1
2003,136,1429,1242,0
2003,136,1436,1112,0
2003,136,1443,1228,0
2003,136,1451,1458,0
2003,136,1454,1323,0
2003,136,1458,1451,1
2003,137,1104,1231,0
2003,137,1120,1386,1
2003,137,1122,1257,0
2003,137,1139,1280,1
2003,137,1160,1277,0
2003,137,1190,1448,0
2003,137,1196,1358,1
2003,137,1231,1104,1
2003,137,1237,1246,0
2003,137,1246,1237,1
2003,137,1257,1122,1
2003,137,1261,1345,0
2003,137,1264,1393,0
2003,137,1268,1423,1
2003,137,1277,1160,1
2003,137,1280,1139,0
2003,137,1329,1335,1
2003,137,1332,1428,0
2003,137,1335,1329,0
2003,137,1338,1447,1
2003,137,1345,1261,1
2003,137,1358,1196,0
2003,137,1386,1120,0
2003,137,1393,1264,1
2003,137,1400,1421,1
2003,137,1407,1462,0
2003,137,1421,1400,0
2003,137,1423,1268,0
2003,137,1428,1332,1
2003,137,1447,1338,0
2003,137,1448,1190,1
2003,137,1462,1407,1
2003,138,1112,1211,1
2003,138,1113,1242,0
2003,138,1141,1181,0
2003,138,1143,1328,0
2003,138,1163,1390,1
2003,138,1181,1141,1
2003,138,1211,1112,0
2003,138,1228,1323,0
2003,138,1242,1113,1
2003,138,1266,1281,1
2003,138,1281,1266,0
2003,138,1323,1228,1
2003,138,1328,1143,1
2003,138,1390,1163,0
2003,138,1409,1458,0
2003,138,1458,1409,1
2003,139,1120,1448,1
2003,139,1139,1257,1
2003,139,1196,1277,0
2003,139,1231,1338,0
2003,139,1246,1428,1
2003,139,1257,1139,0
2003,139,1268,1462,1
2003,139,1277,1196,1
2003,139,1329,1393,0
2003,139,1338,1231,1
2003,139,1345,1400,0
2003,139,1393,1329,1
2003,139,1400,1345,1
2003,139,1428,1246,0
2003,139,1448,1120,0
2003,139,1462,1268,0
2003,143,1112,1323,1
2003,143,1181,1242,0
2003,143,1242,1181,1
2003,143,1246,1458,1
2003,143,1266,1338,1
2003,143,1323,1112,0
2003,143,1338,1266,0
2003,143,1458,1246,0
2003,144,1120,1393,0
2003,144,1139,1328,0
2003,144,1163,1400,0
2003,144,1268,1277,0
2003,144,1277,1268,1
2003,144,1328,1139,1
2003,144,1393,1120,1
2003,144,1400,1163,1
2003,145,1112,1242,0
2003,145,1242,1112,1
2003,145,1246,1266,0
2003,145,1266,1246,1
2003,146,1277,1400,0
2003,146,1328,1393,0
2003,146,1393,1328,1
2003,146,1400,1277,1
2003,152,1242,1266,1
2003,152,1266,1242,0
2003,152,1393,1400,1
2003,152,1400,1393,0
2003,154,1242,1393,0
2003,154,1393,1242,1
2004,134,1197,1250,1
2004,134,1250,1197,0
2004,136,1102,1314,0
2004,136,1104,1356,1
2004,136,1106,1181,0
2004,136,1112,1371,0
2004,136,1140,1393,0
2004,136,1150,1403,0
2004,136,1163,1436,1
2004,136,1173,1177,0
2004,136,1177,1173,1
2004,136,1181,1106,1
2004,136,1196,1264,0
2004,136,1211,1434,1
2004,136,1251,1386,0
2004,136,1264,1196,1
2004,136,1268,1431,1
2004,136,1277,1305,0
2004,136,1305,1277,1
2004,136,1314,1102,1
2004,136,1343,1400,0
2004,136,1356,1104,0
2004,136,1371,1112,1
2004,136,1386,1251,1
2004,136,1390,1427,1
2004,136,1393,1140,1
2004,136,1400,1343,1
2004,136,1403,1150,1
2004,136,1427,1390,0
2004,136,1431,1268,0
2004,136,1433,1448,0
2004,136,1434,1211,0
2004,136,1436,1163,0
2004,136,1448,1433,1
2004,137,1130,1428,1
2004,137,1153,1190,1
2004,137,1186,1329,0
2004,137,1190,1153,0
2004,137,1197,1246,0
2004,137,1210,1320,1
2004,137,1227,1242,0
2004,137,1228,1293,1
2004,137,1242,1227,1
2004,137,1246,1197,1
2004,137,1257,1462,0
2004,137,1272,1376,1
2004,137,1280,1284,1
2004,137,1284,1280,0
2004,137,1293,1228,0
2004,137,1301,1418,1
2004,137,1320,1210,0
2004,137,1329,1186,1
2004,137,1334,1344,1
2004,137,1338,1416,1
2004,137,1344,1334,0
2004,137,1350,1458,0
2004,137,1376,1272,0
2004,137,1412,1449,1
2004,137,1416,1338,0
2004,137,1418,1301,0
2004,137,1428,1130,0
2004,137,1435,1444,1
2004,137,1444,1435,0
2004,137,1449,1412,0
2004,137,1458,1350,1
2004,137,1462,1257,1
2004,138,1104,1390,1
2004,138,1163,1177,1
2004,138,1177,1163,0
2004,138,1181,1371,1
2004,138,1211,1305,0
2004,138,1264,1448,0
2004,138,1268,1393,0
2004,138,1305,1211,1
2004,138,1314,1400,0
2004,138,1371,1181,0
2004,138,1386,1403,1
2004,138,1390,1104,0
2004,138,1393,1268,1
2004,138,1400,1314,1
2004,138,1403,1386,0
2004,138,1448,1264,1
2004,139,1130,1210,0
2004,139,1153,1228,0
2004,139,1210,1130,1
2004,139,1228,1153,1
2004,139,1242,1334,1
2004,139,1246,1412,0
2004,139,1272,1329,0
2004,139,1280,1462,0
2004,139,1301,1435,0
2004,139,1329,1272,1
2004,139,1334,1242,0
2004,139,1338,1458,1
2004,139,1412,1246,1
2004,139,1435,1301,1
2004,139,1458,1338,0
2004,139,1462,1280,1
2004,143,1104,1393,1
2004,143,1163,1435,1
2004,143,1329,1338,1
2004,143,1338,1329,0
2004,143,1386,1448,1
2004,143,1393,1104,0
2004,143,1435,1163,0
2004,143,1448,1386,0
2004,144,1181,1228,1
2004,144,1210,1305,1
2004,144,1228,1181,0
2004,144,1242,1412,1
2004,144,1305,1210,0
2004,144,1400,1462,0
2004,144,1412,1242,0
2004,144,1462,1400,1
2004,145,1104,1163,0
2004,145,1163,1104,1
2004,145,1329,1386,1
2004,145,1386,1329,0
2004,146,1181,1462,1
2004,146,1210,1242,1
2004,146,1242,1210,0
2004,146,1462,1181,0
2004,152,1163,1181,1
2004,152,1181,1163,0
2004,152,1210,1329,1
2004,152,1329,1210,0
2004,154,1163,1210,1
2004,154,1210,1163,0
2005,134,1105,1324,0
2005,134,1324,1105,1
2005,136,1104,1454,0
2005,136,1112,1429,1
2005,136,1130,1335,1
2005,136,1151,1448,0
2005,136,1153,1234,1
2005,136,1166,1452,0
2005,136,1184,1246,0
2005,136,1192,1228,0
2005,136,1211,1457,1
2005,136,1228,1192,1
2005,136,1234,1153,0
2005,136,1246,1184,1
2005,136,1261,1412,0
2005,136,1285,1449,0
2005,136,1305,1400,1
2005,136,1310,1328,0
2005,136,1328,1310,1
2005,136,1334,1338,1
2005,136,1335,1130,0
2005,136,1338,1334,0
2005,136,1400,1305,0
2005,136,1403,1417,1
2005,136,1412,1261,1
2005,136,1417,1403,0
2005,136,1428,1431,1
2005,136,1429,1112,0
2005,136,1431,1428,0
2005,136,1448,1151,1
2005,136,1449,1285,1
2005,136,1452,1166,1
2005,136,1454,1104,1
2005,136,1457,1211,0
2005,137,1137,1242,1
2005,137,1150,1301,0
2005,137,1163,1416,1
2005,137,1175,1181,0
2005,137,1181,1175,1
2005,137,1196,1325,1
2005,137,1203,1210,0
2005,137,1210,1203,1
2005,137,1235,1278,1
2005,137,1242,1137,0
2005,137,1257,1418,1
2005,137,1277,1330,1
2005,137,1278,1235,0
2005,137,1280,1390,1
2005,137,1301,1150,1
2005,137,1307,1437,0
2005,137,1314,1324,1
2005,137,1320,1458,0
2005,137,1324,1314,0
2005,137,1325,1196,0
2005,137,1329,1368,1
2005,137,1330,1277,0
2005,137,1356,1388,1
2005,137,1368,1329,0
2005,137,1388,1356,0
2005,137,1390,1280,0
2005,137,1393,1436,0
2005,137,1416,1163,0
2005,137,1418,1257,0
2005,137,1436,1393,1
2005,137,1437,1307,1
2005,137,1458,1320,1
2005,138,1112,1412,1
2005,138,1130,1454,0
2005,138,1153,1246,0
2005,138,1211,1403,0
2005,138,1228,1305,1
2005,138,1246,1153,1
2005,138,1305,1228,0
2005,138,1328,1428,0
2005,138,1334,1449,0
2005,138,1403,1211,1
2005,138,1412,1112,0
2005,138,1428,1328,1
2005,138,1448,1452,0
2005,138,1449,1334,1
2005,138,1452,1448,1
2005,138,1454,1130,1
2005,139,1137,1458,0
2005,139,1163,1301,0
2005,139,1181,1280,1
2005,139,1196,1437,0
2005,139,1210,1257,0
2005,139,1235,1314,0
2005,139,1257,1210,1
2005,139,1277,1436,1
2005,139,1280,1181,0
2005,139,1301,1163,1
2005,139,1314,1235,1
2005,139,1329,1356,1
2005,139,1356,1329,0
2005,139,1436,1277,0
2005,139,1437,1196,1
2005,139,1458,1137,1
2005,143,1112,1329,1
2005,143,1228,1454,1
2005,143,1257,1449,1
2005,143,1329,1112,0
2005,143,1403,1452,0
2005,143,1449,1257,0
2005,143,1452,1403,1
2005,143,1454,1228,0
2005,144,1181,1277,0
2005,144,1246,1428,1
2005,144,1277,1181,1
2005,144,1301,1458,0
2005,144,1314,1437,1
2005,144,1428,1246,0
2005,144,1437,1314,0
2005,144,1458,1301,1
2005,145,1112,1228,0
2005,145,1228,1112,1
2005,145,1257,1452,1
2005,145,1452,1257,0
2005,146,1246,1277,0
2005,146,1277,1246,1
2005,146,1314,1458,1
2005,146,1458,1314,0
2005,152,1228,1257,1
2005,152,1257,1228,0
2005,152,1277,1314,0
2005,152,1314,1277,1
2005,154,1228,1314,0
2005,154,1314,1228,1
2006,134,1214,1284,0
2006,134,1284,1214,1
2006,136,1102,1228,0
2006,136,1104,1266,1
2006,136,1125,1417,0
2006,136,1130,1334,1
2006,136,1181,1380,1
2006,136,1196,1375,1
2006,136,1203,1423,1
2006,136,1211,1462,1
2006,136,1228,1102,1
2006,136,1231,1361,1
2006,136,1233,1261,0
2006,136,1261,1233,1
2006,136,1266,1104,0
2006,136,1285,1305,1
2006,136,1305,1285,0
2006,136,1328,1454,0
2006,136,1334,1130,0
2006,136,1361,1231,0
2006,136,1371,1455,0
2006,136,1375,1196,0
2006,136,1380,1181,0
2006,136,1393,1401,0
2006,136,1397,1457,1
2006,136,1401,1393,1
2006,136,1417,1125,1
2006,136,1423,1203,0
2006,136,1429,1449,0
2006,136,1449,1429,1
2006,136,1454,1328,1
2006,136,1455,1371,1
2006,136,1457,1397,0
2006,136,1462,1211,0
2006,137,1107,1163,0
2006,137,1112,1458,1
2006,137,1116,1137,0
2006,137,1133,1242,1
2006,137,1137,1116,1
2006,137,1143,1301,0
2006,137,1163,1107,1
2006,137,1172,1326,0
2006,137,1206,1277,1
2006,137,1207,1320,1
2006,137,1234,1322,0
2006,137,1242,1133,0
2006,137,1245,1338,0
2006,137,1246,1412,1
2006,137,1272,1331,1
2006,137,1277,1206,0
2006,137,1284,1437,0
2006,137,1293,1314,0
2006,137,1301,1143,1
2006,137,1314,1293,1
2006,137,1320,1207,0
2006,137,1322,1234,1
2006,137,1326,1172,1
2006,137,1331,1272,0
2006,137,1335,1400,0
2006,137,1338,1245,1
2006,137,1356,1452,0
2006,137,1400,1335,1
2006,137,1412,1246,0
2006,137,1437,1284,1
2006,137,1452,1356,1
2006,137,1458,1112,0
2006,138,1104,1417,0
2006,138,1130,1285,1
2006,138,1181,1203,1
2006,138,1196,1454,1
2006,138,1203,1181,0
2006,138,1211,1231,1
2006,138,1228,1449,0
2006,138,1231,1211,0
2006,138,1261,1401,1
2006,138,1285,1130,0
2006,138,1397,1455,0
2006,138,1401,1261,0
2006,138,1417,1104,1
2006,138,1449,1228,1
2006,138,1454,1196,0
2006,138,1455,1397,1
2006,139,1112,1437,0
2006,139,1133,1338,1
2006,139,1137,1272,0
2006,139,1163,1246,1
2006,139,1206,1314,1
2006,139,1207,1326,1
2006,139,1246,1163,0
2006,139,1272,1137,1
2006,139,1301,1400,0
2006,139,1314,1206,0
2006,139,1322,1452,0
2006,139,1326,1207,0
2006,139,1338,1133,0
2006,139,1400,1301,1
2006,139,1437,1112,1
2006,139,1452,1322,1
2006,143,1133,1272,0
2006,143,1181,1261,0
2006,143,1211,1417,0
2006,143,1261,1181,1
2006,143,1272,1133,1
2006,143,1400,1452,1
2006,143,1417,1211,1
2006,143,1452,1400,0
2006,144,1130,1437,0
2006,144,1163,1449,1
2006,144,1196,1207,1
2006,144,1206,1455,1
2006,144,1207,1196,0
2006,144,1437,1130,1
2006,144,1449,1163,0
2006,144,1455,1206,0
2006,145,1261,1400,1
2006,145,1272,1417,0
2006,145,1400,1261,0
2006,145,1417,1272,1
2006,146,1163,1206,0
2006,146,1196,1437,1
2006,146,1206,1163,1
2006,146,1437,1196,0
2006,152,1196,1206,1
2006,152,1206,1196,0
2006,152,1261,1417,0
2006,152,1417,1261,1
2006,154,1196,1417,1
2006,154,1417,1196,0
2007,134,1197,1310,0
2007,134,1310,1197,1
2007,136,1125,1207,0
2007,136,1130,1403,1
2007,136,1139,1330,1
2007,136,1140,1462,0
2007,136,1148,1326,0
2007,136,1172,1268,0
2007,136,1181,1433,0
2007,136,1184,1314,0
2007,136,1203,1435,0
2007,136,1207,1125,1
2007,136,1211,1231,0
2007,136,1231,1211,1
2007,136,1257,1390,1
2007,136,1266,1277,0
2007,136,1268,1172,1
2007,136,1277,1266,1
2007,136,1314,1184,1
2007,136,1326,1148,1
2007,136,1330,1139,0
2007,136,1331,1450,0
2007,136,1335,1401,0
2007,136,1338,1460,1
2007,136,1390,1257,0
2007,136,1401,1335,1
2007,136,1403,1130,0
2007,136,1417,1451,1
2007,136,1433,1181,1
2007,136,1435,1203,1
2007,136,1450,1331,1
2007,136,1451,1417,0
2007,136,1460,1338,0
2007,136,1462,1140,1
2007,137,1107,1438,0
2007,137,1112,1345,0
2007,137,1116,1425,0
2007,137,1166,1305,0
2007,137,1196,1238,1
2007,137,1210,1424,0
2007,137,1221,1356,0
2007,137,1228,1439,0
2007,137,1238,1196,0
2007,137,1242,1310,1
2007,137,1246,1437,1
2007,137,1253,1397,0
2007,137,1272,1317,1
2007,137,1275,1332,0
2007,137,1305,1166,1
2007,137,1308,1400,0
2007,137,1310,1242,0
2007,137,1317,1272,0
2007,137,1323,1457,0
2007,137,1332,1275,1
2007,137,1345,1112,1
2007,137,1356,1221,1
2007,137,1394,1458,0
2007,137,1397,1253,1
2007,137,1400,1308,1
2007,137,1424,1210,1
2007,137,1425,1116,1
2007,137,1437,1246,0
2007,137,1438,1107,1
2007,137,1439,1228,1
2007,137,1457,1323,1
2007,137,1458,1394,1
2007,138,1130,1207,0
2007,138,1139,1268,1
2007,138,1207,1130,1
2007,138,1231,1417,0
2007,138,1257,1401,0
2007,138,1268,1139,0
2007,138,1277,1314,0
2007,138,1314,1277,1
2007,138,1326,1462,1
2007,138,1338,1433,1
2007,138,1401,1257,1
2007,138,1417,1231,1
2007,138,1433,1338,0
2007,138,1435,1450,1
2007,138,1450,1435,0
2007,138,1462,1326,0
2007,139,1196,1345,1
2007,139,1242,1246,1
2007,139,1246,1242,0
2007,139,1272,1305,1
2007,139,1305,1272,0
2007,139,1332,1457,1
2007,139,1345,1196,0
2007,139,1356,1439,1
2007,139,1397,1438,1
2007,139,1400,1425,0
2007,139,1424,1458,1
2007,139,1425,1400,1
2007,139,1438,1397,0
2007,139,1439,1356,0
2007,139,1457,1332,0
2007,139,1458,1424,0
2007,143,1242,1356,1
2007,143,1272,1401,1
2007,143,1326,1397,1
2007,143,1338,1417,0
2007,143,1356,1242,0
2007,143,1397,1326,0
2007,143,1401,1272,0
2007,143,1417,1338,1
2007,144,1139,1196,0
2007,144,1196,1139,1
2007,144,1207,1435,1
2007,144,1314,1425,1
2007,144,1332,1424,1
2007,144,1424,1332,0
2007,144,1425,1314,0
2007,144,1435,1207,0
2007,145,1242,1417,0
2007,145,1272,1326,0
2007,145,1326,1272,1
2007,145,1417,1242,1
2007,146,1196,1332,1
2007,146,1207,1314,1
2007,146,1314,1207,0
2007,146,1332,1196,0
2007,152,1196,1417,1
2007,152,1207,1326,0
2007,152,1326,1207,1
2007,152,1417,1196,0
2007,154,1196,1326,1
2007,154,1326,1196,0
2008,134,1164,1291,0
2008,134,1291,1164,1
2008,136,1112,1452,0
2008,136,1124,1345,0
2008,136,1125,1181,0
2008,136,1140,1401,0
2008,136,1165,1390,0
2008,136,1168,1458,0
2008,136,1181,1125,1
2008,136,1206,1323,0
2008,136,1208,1462,0
2008,136,1242,1340,1
2008,136,1243,1425,1
2008,136,1245,1424,0
2008,136,1246,1266,0
2008,136,1266,1246,1
2008,136,1277,1396,1
2008,136,1290,1417,0
2008,136,1323,1206,1
2008,136,1331,1338,0
2008,136,1338,1331,1
2008,136,1340,1242,0
2008,136,1345,1124,1
2008,136,1390,1165,1
2008,136,1396,1277,0
2008,136,1401,1140,1
2008,136,1417,1290,1
2008,136,1424,1245,1
2008,136,1425,1243,0
2008,136,1450,1457,1
2008,136,1452,1112,1
2008,136,1457,1450,0
2008,136,1458,1168,1
2008,136,1462,1208,1
2008,137,1110,1397,0
2008,137,1116,1231,1
2008,137,1122,1400,0
2008,137,1129,1257,0
2008,137,1139,1375,1
2008,137,1155,1437,0
2008,137,1163,1360,0
2008,137,1172,1211,1
2008,137,1179,1443,0
2008,137,1207,1420,1
2008,137,1211,1172,0
2008,137,1231,1116,0
2008,137,1257,1129,1
2008,137,1272,1426,1
2008,137,1274,1388,1
2008,137,1280,1332,1
2008,137,1291,1314,0
2008,137,1314,1291,1
2008,137,1328,1386,1
2008,137,1332,1280,0
2008,137,1360,1163,1
2008,137,1373,1435,1
2008,137,1375,1139,0
2008,137,1386,1328,0
2008,137,1388,1274,0
2008,137,1397,1110,1
2008,137,1400,1122,1
2008,137,1420,1207,0
2008,137,1426,1272,0
2008,137,1435,1373,0
2008,137,1437,1155,1
2008,137,1443,1179,1
2008,138,1181,1452,0
2008,138,1242,1424,1
2008,138,1243,1458,0
2008,138,1266,1390,0
2008,138,1277,1338,1
2008,138,1323,1450,0
2008,138,1338,1277,0
2008,138,1345,1462,0
2008,138,1390,1266,1
2008,138,1401,1417,0
2008,138,1417,1401,1
2008,138,1424,1242,0
2008,138,1450,1323,1
2008,138,1452,1181,1
2008,138,1458,1243,1
2008,138,1462,1345,1
2008,139,1116,1314,0
2008,139,1139,1397,0
2008,139,1172,1207,1
2008,139,1207,1172,0
2008,139,1257,1328,1
2008,139,1272,1280,1
2008,139,1274,1400,0
2008,139,1280,1272,0
2008,139,1314,1116,1
2008,139,1328,1257,0
2008,139,1360,1443,0
2008,139,1373,1437,0
2008,139,1397,1139,1
2008,139,1400,1274,1
2008,139,1437,1373,1
2008,139,1443,1360,1
2008,143,1257,1397,1
2008,143,1314,1450,1
2008,143,1397,1257,0
2008,143,1417,1443,1
2008,143,1443,1417,0
2008,143,1450,1314,0
2008,143,1452,1462,0
2008,143,1462,1452,1
2008,144,1172,1458,1
2008,144,1242,1437,1
2008,144,1272,1277,1
2008,144,1277,1272,0
2008,144,1390,1400,0
2008,144,1400,1390,1
2008,144,1437,1242,0
2008,144,1458,1172,0
2008,145,1257,1314,0
2008,145,1314,1257,1
2008,145,1417,1462,1
2008,145,1462,1417,0
2008,146,1172,1242,0
2008,146,1242,1172,1
2008,146,1272,1400,1
2008,146,1400,1272,0
2008,152,1242,1314,1
2008,152,1272,1417,1
2008,152,1314,1242,0
2008,152,1417,1272,0
2008,154,1242,1272,1
2008,154,1272,1242,0
2009,134,1106,1287,0
2009,134,1287,1106,1
2009,136,1103,1211,0
2009,136,1110,1437,0
2009,136,1127,1181,0
2009,136,1139,1261,0
2009,136,1140,1401,0
2009,136,1143,1268,0
2009,136,1151,1163,0
2009,136,1155,1276,0
2009,136,1163,1151,1
2009,136,1169,1272,0
2009,136,1181,1127,1
2009,136,1211,1103,1
2009,136,1228,1443,0
2009,136,1261,1139,1
2009,136,1268,1143,1
2009,136,1272,1169,1
2009,136,1276,1155,1
2009,136,1278,1400,0
2009,136,1280,1449,0
2009,136,1288,1328,0
2009,136,1314,1347,1
2009,136,1320,1345,0
2009,136,1328,1288,1
2009,136,1345,1320,1
2009,136,1347,1314,0
2009,136,1400,1278,1
2009,136,1401,1140,1
2009,136,1417,1433,1
2009,136,1433,1417,0
2009,136,1437,1110,1
2009,136,1443,1228,1
2009,136,1449,1280,1
2009,137,1112,1428,1
2009,137,1113,1396,1
2009,137,1130,1425,0
2009,137,1156,1448,1
2009,137,1165,1281,0
2009,137,1173,1452,1
2009,137,1190,1338,0
2009,137,1199,1458,0
2009,137,1242,1295,1
2009,137,1257,1287,1
2009,137,1266,1429,1
2009,137,1277,1352,1
2009,137,1281,1165,1
2009,137,1287,1257,0
2009,137,1295,1242,0
2009,137,1326,1373,0
2009,137,1329,1397,1
2009,137,1338,1190,1
2009,137,1340,1462,0
2009,137,1352,1277,0
2009,137,1372,1393,0
2009,137,1373,1326,1
2009,137,1393,1372,1
2009,137,1396,1113,0
2009,137,1397,1329,0
2009,137,1425,1130,1
2009,137,1428,1112,0
2009,137,1429,1266,0
2009,137,1448,1156,0
2009,137,1452,1173,0
2009,137,1458,1199,1
2009,137,1462,1340,1
2009,138,1163,1401,1
2009,138,1181,1400,1
2009,138,1211,1443,1
2009,138,1261,1314,0
2009,138,1268,1272,0
2009,138,1272,1268,1
2009,138,1276,1328,0
2009,138,1314,1261,1
2009,138,1328,1276,1
2009,138,1345,1449,1
2009,138,1400,1181,0
2009,138,1401,1163,0
2009,138,1417,1437,0
2009,138,1437,1417,1
2009,138,1443,1211,0
2009,138,1449,1345,0
2009,139,1112,1156,1
2009,139,1113,1393,0
2009,139,1156,1112,0
2009,139,1173,1242,0
2009,139,1242,1173,1
2009,139,1257,1373,1
2009,139,1266,1281,0
2009,139,1277,1425,1
2009,139,1281,1266,1
2009,139,1329,1338,0
2009,139,1338,1329,1
2009,139,1373,1257,0
2009,139,1393,1113,1
2009,139,1425,1277,0
2009,139,1458,1462,0
2009,139,1462,1458,1
2009,143,1163,1345,1
2009,143,1181,1437,0
2009,143,1272,1281,0
2009,143,1281,1272,1
2009,143,1338,1462,1
2009,143,1345,1163,0
2009,143,1437,1181,1
2009,143,1462,1338,0
2009,144,1112,1257,0
2009,144,1211,1314,0
2009,144,1242,1277,0
2009,144,1257,1112,1
2009,144,1277,1242,1
2009,144,1314,1211,1
2009,144,1328,1393,1
2009,144,1393,1328,0
2009,145,1163,1281,1
2009,145,1281,1163,0
2009,145,1338,1437,0
2009,145,1437,1338,1
2009,146,1257,1277,0
2009,146,1277,1257,1
2009,146,1314,1328,1
2009,146,1328,1314,0
2009,152,1163,1277,0
2009,152,1277,1163,1
2009,152,1314,1437,1
2009,152,1437,1314,0
2009,154,1277,1314,0
2009,154,1314,1277,1
2010,134,1115,1457,1
2010,134,1457,1115,0
2010,136,1124,1358,1
2010,136,1139,1431,1
2010,136,1140,1196,1
2010,136,1190,1246,0
2010,136,1196,1140,0
2010,136,1207,1325,0
2010,136,1242,1250,1
2010,136,1243,1317,1
2010,136,1246,1190,1
2010,136,1250,1242,0
2010,136,1266,1449,0
2010,136,1285,1307,0
2010,136,1293,1435,1
2010,136,1307,1285,1
2010,136,1317,1243,0
2010,136,1320,1424,1
2010,136,1323,1330,0
2010,136,1325,1207,1
2010,136,1330,1323,1
2010,136,1350,1388,0
2010,136,1352,1437,0
2010,136,1358,1124,0
2010,136,1361,1397,0
2010,136,1388,1350,1
2010,136,1397,1361,1
2010,136,1400,1448,0
2010,136,1424,1320,0
2010,136,1431,1139,0
2010,136,1435,1293,0
2010,136,1437,1352,1
2010,136,1448,1400,1
2010,136,1449,1266,1
2010,137,1115,1181,0
2010,137,1143,1257,1
2010,137,1155,1281,0
2010,137,1165,1396,1
2010,137,1181,1115,1
2010,137,1199,1211,0
2010,137,1210,1329,1
2010,137,1211,1199,1
2010,137,1222,1268,0
2010,137,1257,1143,0
2010,137,1268,1222,1
2010,137,1277,1308,1
2010,137,1278,1462,0
2010,137,1281,1155,1
2010,137,1288,1452,0
2010,137,1308,1277,0
2010,137,1324,1338,0
2010,137,1326,1364,1
2010,137,1329,1210,0
2010,137,1338,1324,1
2010,137,1345,1373,1
2010,137,1364,1326,0
2010,137,1373,1345,0
2010,137,1393,1436,1
2010,137,1396,1165,0
2010,137,1401,1429,1
2010,137,1429,1401,0
2010,137,1436,1393,0
2010,137,1452,1288,1
2010,137,1458,1459,1
2010,137,1459,1458,0
2010,137,1462,1278,1
2010,138,1124,1330,1
2010,138,1139,1293,1
2010,138,1140,1243,0
2010,138,1242,1320,0
2010,138,1243,1140,1
2010,138,1246,1448,1
2010,138,1293,1139,0
2010,138,1307,1449,0
2010,138,1320,1242,1
2010,138,1325,1397,0
2010,138,1330,1124,0
2010,138,1388,1437,1
2010,138,1397,1325,1
2010,138,1437,1388,0
2010,138,1448,1246,0
2010,138,1449,1307,1
2010,139,1143,1181,0
2010,139,1165,1458,1
2010,139,1181,1143,1
2010,139,1210,1326,0
2010,139,1211,1393,0
2010,139,1268,1277,0
2010,139,1277,1268,1
2010,139,1281,1452,0
2010,139,1326,1210,1
2010,139,1338,1462,0
2010,139,1345,1401,1
2010,139,1393,1211,1
2010,139,1401,1345,0
2010,139,1452,1281,1
2010,139,1458,1165,0
2010,139,1462,1338,1
2010,143,1139,1393,1
2010,143,1165,1246,0
2010,143,1243,1462,1
2010,143,1246,1165,1
2010,143,1393,1139,0
2010,143,1449,1452,0
2010,143,1452,1449,1
2010,143,1462,1243,0
2010,144,1124,1388,1
2010,144,1181,1345,1
2010,144,1277,1320,1
2010,144,1320,1277,0
2010,144,1326,1397,0
2010,144,1345,1181,0
2010,144,1388,1124,0
2010,144,1397,1326,1
2010,145,1139,1243,1
2010,145,1243,1139,0
2010,145,1246,1452,0
2010,145,1452,1246,1
2010,146,1124,1181,0
2010,146,1181,1124,1
2010,146,1277,1397,1
2010,146,1397,1277,0
2010,152,1139,1277,1
2010,152,1181,1452,1
2010,152,1277,1139,0
2010,152,1452,1181,0
2010,154,1139,1181,0
2010,154,1181,1139,1
2011,134,1114,1421,0
2011,134,1155,1412,1
2011,134,1412,1155,0
2011,134,1421,1114,1
2011,135,1106,1427,0
2011,135,1425,1433,0
2011,135,1427,1106,1
2011,135,1433,1425,1
2011,136,1125,1458,0
2011,136,1137,1163,0
2011,136,1139,1330,1
2011,136,1140,1459,1
2011,136,1153,1281,1
2011,136,1155,1452,0
2011,136,1163,1137,1
2011,136,1196,1364,1
2011,136,1211,1385,1
2011,136,1243,1429,1
2011,136,1246,1343,1
2011,136,1257,1287,0
2011,136,1277,1417,0
2011,136,1281,1153,0
2011,136,1287,1257,1
2011,136,1294,1361,0
2011,136,1330,1139,0
2011,136,1336,1396,0
2011,136,1338,1421,1
2011,136,1343,1246,0
2011,136,1350,1435,1
2011,136,1361,1294,1
2011,136,1364,1196,0
2011,136,1385,1211,0
2011,136,1396,1336,1
2011,136,1417,1277,1
2011,136,1421,1338,0
2011,136,1429,1243,0
2011,136,1435,1350,0
2011,136,1452,1155,1
2011,136,1458,1125,1
2011,136,1459,1140,0
2011,137,1103,1323,0
2011,137,1112,1272,1
2011,137,1131,1242,0
2011,137,1181,1214,1
2011,137,1199,1401,1
2011,137,1206,1437,1
2011,137,1207,1433,0
2011,137,1208,1449,0
2011,137,1214,1181,0
2011,137,1228,1424,1
2011,137,1232,1393,0
2011,137,1242,1131,1
2011,137,1254,1314,0
2011,137,1266,1462,1
2011,137,1272,1112,0
2011,137,1276,1397,1
2011,137,1314,1254,1
2011,137,1323,1103,1
2011,137,1324,1400,0
2011,137,1326,1427,1
2011,137,1345,1389,1
2011,137,1389,1345,0
2011,137,1393,1232,1
2011,137,1397,1276,0
2011,137,1400,1324,1
2011,137,1401,1199,0
2011,137,1424,1228,0
2011,137,1427,1326,0
2011,137,1433,1207,1
2011,137,1437,1206,0
2011,137,1449,1208,1
2011,137,1462,1266,0
2011,138,1139,1338,1
2011,138,1140,1211,1
2011,138,1153,1163,0
2011,138,1163,1153,1
2011,138,1196,1417,1
2011,138,1211,1140,0
2011,138,1243,1458,0
2011,138,1246,1452,1
2011,138,1287,1350,0
2011,138,1338,1139,0
2011,138,1350,1287,1
2011,138,1361,1396,1
2011,138,1396,1361,0
2011,138,1417,1196,0
2011,138,1452,1246,0
2011,138,1458,1243,1
2011,139,1112,1400,1
2011,139,1181,1276,1
2011,139,1199,1323,1
2011,139,1206,1326,0
2011,139,1228,1242,0
2011,139,1242,1228,1
2011,139,1266,1393,1
2011,139,1276,1181,0
2011,139,1314,1449,1
2011,139,1323,1199,0
2011,139,1326,1206,1
2011,139,1345,1433,0
2011,139,1393,1266,0
2011,139,1400,1112,0
2011,139,1433,1345,1
2011,139,1449,1314,0
2011,143,1112,1181,1
2011,143,1139,1458,1
2011,143,1140,1196,0
2011,143,1163,1361,1
2011,143,1181,1112,0
2011,143,1196,1140,1
2011,143,1361,1163,0
2011,143,1458,1139,0
2011,144,1199,1433,0
2011,144,1242,1350,1
2011,144,1246,1326,1
2011,144,1266,1314,0
2011,144,1314,1266,1
2011,144,1326,1246,0
2011,144,1350,1242,0
2011,144,1433,1199,1
2011,145,1112,1163,0
2011,145,1139,1196,1
2011,145,1163,1112,1
2011,145,1196,1139,0
2011,146,1242,1433,0
2011,146,1246,1314,1
2011,146,1314,1246,0
2011,146,1433,1242,1
2011,152,1139,1433,1
2011,152,1163,1246,1
2011,152,1246,1163,0
2011,152,1433,1139,0
2011,154,1139,1163,0
2011,154,1163,1139,1
2012,134,1140,1233,1
2012,134,1233,1140,0
2012,134,1290,1443,0
2012,134,1443,1290,1
2012,135,1143,1378,0
2012,135,1249,1436,0
2012,135,1378,1143,1
2012,135,1436,1249,1
2012,136,1124,1355,1
2012,136,1140,1266,0
2012,136,1160,1424,1
2012,136,1161,1293,0
2012,136,1163,1235,0
2012,136,1172,1257,0
2012,136,1211,1452,1
2012,136,1217,1435,0
2012,136,1231,1308,1
2012,136,1235,1163,1
2012,136,1243,1379,1
2012,136,1246,1443,1
2012,136,1253,1307,0
2012,136,1257,1172,1
2012,136,1259,1326,0
2012,136,1266,1140,1
2012,136,1285,1458,0
2012,136,1293,1161,1
2012,136,1307,1253,1
2012,136,1308,1231,0
2012,136,1326,1259,1
2012,136,1355,1124,0
2012,136,1379,1243,0
2012,136,1393,1421,1
2012,136,1421,1393,0
2012,136,1424,1160,0
2012,136,1433,1455,1
2012,136,1435,1217,1
2012,136,1443,1246,0
2012,136,1452,1211,0
2012,136,1455,1433,0
2012,136,1458,1285,1
2012,137,1104,1166,0
2012,137,1125,1207,0
2012,137,1153,1400,1
2012,137,1166,1104,1
2012,137,1178,1242,0
2012,137,1181,1250,0
2012,137,1196,1438,1
2012,137,1199,1382,1
2012,137,1207,1125,1
2012,137,1242,1178,1
2012,137,1250,1181,1
2012,137,1254,1277,0
2012,137,1272,1387,0
2012,137,1276,1325,0
2012,137,1277,1254,1
2012,137,1281,1313,0
2012,137,1301,1361,1
2012,137,1313,1281,1
2012,137,1314,1436,1
2012,137,1323,1462,0
2012,137,1325,1276,1
2012,137,1345,1388,1
2012,137,1361,1301,0
2012,137,1378,1396,1
2012,137,1382,1199,0
2012,137,1387,1272,1
2012,137,1388,1345,0
2012,137,1396,1378,0
2012,137,1400,1153,0
2012,137,1436,1314,0
2012,137,1438,1196,0
2012,137,1462,1323,1
2012,138,1124,1160,1
2012,138,1160,1124,0
2012,138,1211,1326,0
2012,138,1231,1433,1
2012,138,1235,1246,0
2012,138,1243,1393,0
2012,138,1246,1235,1
2012,138,1257,1307,1
2012,138,1266,1293,1
2012,138,1293,1266,0
2012,138,1307,1257,0
2012,138,1326,1211,1
2012,138,1393,1243,1
2012,138,1433,1231,0
2012,138,1435,1458,0
2012,138,1458,1435,1
2012,139,1153,1199,1
2012,139,1166,1314,0
2012,139,1196,1313,1
2012,139,1199,1153,0
2012,139,1207,1301,0
2012,139,1242,1345,1
2012,139,1250,1462,0
2012,139,1277,1387,1
2012,139,1301,1207,1
2012,139,1313,1196,0
2012,139,1314,1166,1
2012,139,1325,1378,1
2012,139,1345,1242,0
2012,139,1378,1325,0
2012,139,1387,1277,0
2012,139,1462,1250,1
2012,143,1153,1326,0
2012,143,1196,1266,1
2012,143,1257,1277,1
2012,143,1266,1196,0
2012,143,1277,1257,0
2012,143,1326,1153,1
2012,143,1393,1458,1
2012,143,1458,1393,0
2012,144,1124,1462,1
2012,144,1231,1246,0
2012,144,1242,1301,1
2012,144,1246,1231,1
2012,144,1301,1242,0
2012,144,1314,1325,1
2012,144,1325,1314,0
2012,144,1462,1124,0
2012,145,1196,1257,0
2012,145,1257,1196,1
2012,145,1326,1393,1
2012,145,1393,1326,0
2012,146,1124,1246,0
2012,146,1242,1314,1
2012,146,1246,1124,1
2012,146,1314,1242,0
2012,152,1242,1326,1
2012,152,1246,1257,1
2012,152,1257,1246,0
2012,152,1326,1242,0
2012,154,1242,1246,0
2012,154,1246,1242,1
2013,134,1251,1299,0
2013,134,1292,1388,0
2013,134,1299,1251,1
2013,134,1388,1292,1
2013,135,1129,1247,0
2013,135,1241,1254,1
2013,135,1247,1129,1
2013,135,1254,1241,0
2013,136,1103,1433,0
2013,136,1112,1125,1
2013,136,1125,1112,0
2013,136,1137,1139,0
2013,136,1139,1137,1
2013,136,1143,1424,1
2013,136,1161,1281,1
2013,136,1172,1266,0
2013,136,1211,1380,1
2013,136,1217,1307,1
2013,136,1257,1299,1
2013,136,1266,1172,1
2013,136,1272,1388,1
2013,136,1276,1355,1
2013,136,1277,1434,1
2013,136,1281,1161,0
2013,136,1285,1393,0
2013,136,1299,1257,0
2013,136,1307,1217,0
2013,136,1308,1387,0
2013,136,1329,1332,0
2013,136,1332,1329,1
2013,136,1338,1455,0
2013,136,1355,1276,0
2013,136,1380,1211,0
2013,136,1387,1308,1
2013,136,1388,1272,0
2013,136,1393,1285,1
2013,136,1424,1143,0
2013,136,1433,1103,1
2013,136,1434,1277,0
2013,136,1455,1338,1
2013,137,1107,1181,0
2013,137,1153,1166,0
2013,137,1160,1228,0
2013,137,1166,1153,1
2013,137,1181,1107,1
2013,137,1195,1207,1
2013,137,1196,1322,1
2013,137,1207,1195,0
2013,137,1228,1160,1
2013,137,1231,1241,1
2013,137,1233,1326,0
2013,137,1235,1323,1
2013,137,1241,1231,0
2013,137,1242,1443,1
2013,137,1243,1247,0
2013,137,1247,1243,1
2013,137,1274,1334,1
2013,137,1278,1417,1
2013,137,1279,1458,1
2013,137,1301,1396,0
2013,137,1314,1437,1
2013,137,1322,1196,0
2013,137,1323,1235,0
2013,137,1326,1233,1
2013,137,1328,1361,0
2013,137,1334,1274,0
2013,137,1361,1328,1
2013,137,1396,1301,1
2013,137,1417,1278,0
2013,137,1437,1314,0
2013,137,1443,1242,0
2013,137,1458,1279,0
2013,138,1112,1217,1
2013,138,1139,1266,0
2013,138,1143,1393,0
2013,138,1161,1257,0
2013,138,1211,1455,0
2013,138,1217,1112,0
2013,138,1257,1161,1
2013,138,1266,1139,1
2013,138,1272,1277,0
2013,138,1276,1433,1
2013,138,1277,1272,1
2013,138,1332,1387,1
2013,138,1387,1332,0
2013,138,1393,1143,1
2013,138,1433,1276,0
2013,138,1455,1211,1
2013,139,1166,1181,0
2013,139,1181,1166,1
2013,139,1195,1361,1
2013,139,1196,1278,1
2013,139,1228,1274,0
2013,139,1231,1396,1
2013,139,1235,1326,0
2013,139,1242,1314,1
2013,139,1247,1279,1
2013,139,1274,1228,1
2013,139,1278,1196,0
2013,139,1279,1247,0
2013,139,1314,1242,0
2013,139,1326,1235,1
2013,139,1361,1195,0
2013,139,1396,1231,0
2013,143,1112,1326,0
2013,143,1231,1393,0
2013,143,1247,1455,0
2013,143,1266,1274,1
2013,143,1274,1266,0
2013,143,1326,1112,1
2013,143,1393,1231,1
2013,143,1455,1247,1
2013,144,1181,1277,1
2013,144,1195,1196,0
2013,144,1196,1195,1
2013,144,1242,1276,0
2013,144,1257,1332,1
2013,144,1276,1242,1
2013,144,1277,1181,0
2013,144,1332,1257,0
2013,145,1266,1393,0
2013,145,1326,1455,0
2013,145,1393,1266,1
2013,145,1455,1326,1
2013,146,1181,1257,0
2013,146,1196,1276,0
2013,146,1257,1181,1
2013,146,1276,1196,1
2013,152,1257,1455,1
2013,152,1276,1393,1
2013,152,1393,1276,0
2013,152,1455,1257,0
2013,154,1257,1276,1
2013,154,1276,1257,0
2014,134,1107,1291,1
2014,134,1291,1107,0
2014,134,1301,1462,1
2014,134,1462,1301,0
2014,135,1142,1411,1
2014,135,1234,1397,0
2014,135,1397,1234,1
2014,135,1411,1142,0
2014,136,1107,1196,0
2014,136,1110,1458,0
2014,136,1113,1400,0
2014,136,1140,1332,0
2014,136,1153,1217,0
2014,136,1160,1338,0
2014,136,1163,1386,1
2014,136,1173,1326,1
2014,136,1174,1277,0
2014,136,1196,1107,1
2014,136,1217,1153,1
2014,136,1257,1264,1
2014,136,1264,1257,0
2014,136,1276,1459,1
2014,136,1277,1174,1
2014,136,1295,1328,1
2014,136,1301,1387,0
2014,136,1308,1361,0
2014,136,1326,1173,0
2014,136,1328,1295,0
2014,136,1332,1140,1
2014,136,1338,1160,1
2014,136,1361,1308,1
2014,136,1386,1163,0
2014,136,1387,1301,1
2014,136,1393,1444,1
2014,136,1400,1113,1
2014,136,1437,1454,1
2014,136,1444,1393,0
2014,136,1454,1437,0
2014,136,1458,1110,1
2014,136,1459,1276,0
2014,137,1112,1451,1
2014,137,1124,1304,1
2014,137,1142,1455,0
2014,137,1157,1438,0
2014,137,1166,1418,1
2014,137,1181,1273,0
2014,137,1184,1242,0
2014,137,1203,1272,0
2014,137,1211,1329,1
2014,137,1235,1300,1
2014,137,1242,1184,1
2014,137,1243,1246,0
2014,137,1246,1243,1
2014,137,1269,1397,0
2014,137,1272,1203,1
2014,137,1273,1181,1
2014,137,1300,1235,0
2014,137,1304,1124,0
2014,137,1307,1390,0
2014,137,1314,1344,1
2014,137,1329,1211,0
2014,137,1344,1314,0
2014,137,1372,1433,1
2014,137,1390,1307,1
2014,137,1397,1269,1
2014,137,1409,1417,0
2014,137,1417,1409,1
2014,137,1418,1166,0
2014,137,1433,1372,0
2014,137,1438,1157,1
2014,137,1451,1112,0
2014,137,1455,1142,1
2014,138,1163,1437,1
2014,138,1173,1393,1
2014,138,1196,1338,1
2014,138,1217,1277,0
2014,138,1257,1387,1
2014,138,1276,1400,1
2014,138,1277,1217,1
2014,138,1295,1361,0
2014,138,1332,1458,0
2014,138,1338,1196,0
2014,138,1361,1295,1
2014,138,1387,1257,0
2014,138,1393,1173,0
2014,138,1400,1276,0
2014,138,1437,1163,0
2014,138,1458,1332,1
2014,139,1112,1211,1
2014,139,1124,1166,1
2014,139,1166,1124,0
2014,139,1211,1112,0
2014,139,1235,1314,1
2014,139,1242,1390,0
2014,139,1246,1455,1
2014,139,1272,1438,0
2014,139,1273,1397,0
2014,139,1314,1235,0
2014,139,1372,1417,0
2014,139,1390,1242,1
2014,139,1397,1273,1
2014,139,1417,1372,1
2014,139,1438,1272,1
2014,139,1455,1246,0
2014,143,1112,1361,1
2014,143,1124,1458,0
2014,143,1173,1390,1
2014,143,1196,1417,1
2014,143,1361,1112,0
2014,143,1390,1173,0
2014,143,1417,1196,0
2014,143,1458,1124,1
2014,144,1163,1235,1
2014,144,1235,1163,0
2014,144,1246,1257,1
2014,144,1257,1246,0
2014,144,1276,1397,1
2014,144,1277,1438,1
2014,144,1397,1276,0
2014,144,1438,1277,0
2014,145,1112,1458,0
2014,145,1173,1196,0
2014,145,1196,1173,1
2014,145,1458,1112,1
2014,146,1163,1277,1
2014,146,1246,1276,1
2014,146,1276,1246,0
2014,146,1277,1163,0
2014,152,1163,1196,1
2014,152,1196,1163,0
2014,152,1246,1458,1
2014,152,1458,1246,0
2014,154,1163,1246,1
2014,154,1246,1163,0
2015,134,1140,1279,0
2015,134,1214,1264,1
2015,134,1264,1214,0
2015,134,1279,1140,1
2015,135,1129,1173,0
2015,135,1173,1129,1
2015,135,1316,1352,0
2015,135,1352,1316,1
2015,136,1112,1411,1
2015,136,1116,1459,1
2015,136,1124,1209,0
2015,136,1139,1400,1
2015,136,1153,1345,1
2015,136,1186,1207,0
2015,136,1207,1186,1
2015,136,1209,1124,1
2015,136,1214,1246,0
2015,136,1217,1314,0
2015,136,1235,1412,0
2015,136,1246,1214,1
2015,136,1248,1437,0
2015,136,1261,1301,0
2015,136,1279,1462,0
2015,136,1301,1261,1
2015,136,1314,1217,1
2015,136,1318,1323,0
2015,136,1323,1318,1
2015,136,1326,1433,1
2015,136,1345,1153,0
2015,136,1372,1428,0
2015,136,1374,1417,0
2015,136,1400,1139,0
2015,136,1411,1112,0
2015,136,1412,1235,1
2015,136,1417,1374,1
2015,136,1428,1372,1
2015,136,1433,1326,0
2015,136,1437,1248,1
2015,136,1459,1116,0
2015,136,1462,1279,1
2015,137,1107,1328,0
2015,137,1125,1438,0
2015,137,1138,1452,0
2015,137,1157,1458,0
2015,137,1172,1234,0
2015,137,1173,1344,1
2015,137,1181,1352,1
2015,137,1208,1277,0
2015,137,1211,1295,1
2015,137,1231,1455,0
2015,137,1234,1172,1
2015,137,1242,1308,1
2015,137,1257,1414,1
2015,137,1268,1434,1
2015,137,1277,1208,1
2015,137,1295,1211,0
2015,137,1308,1242,0
2015,137,1320,1461,1
2015,137,1328,1107,1
2015,137,1329,1332,0
2015,137,1332,1329,1
2015,137,1344,1173,0
2015,137,1352,1181,0
2015,137,1361,1385,1
2015,137,1385,1361,0
2015,137,1414,1257,0
2015,137,1434,1268,0
2015,137,1438,1125,1
2015,137,1452,1138,1
2015,137,1455,1231,1
2015,137,1458,1157,1
2015,137,1461,1320,0
2015,138,1112,1326,1
2015,138,1116,1314,0
2015,138,1139,1323,0
2015,138,1153,1246,0
2015,138,1207,1428,0
2015,138,1209,1462,0
2015,138,1246,1153,1
2015,138,1301,1437,1
2015,138,1314,1116,1
2015,138,1323,1139,1
2015,138,1326,1112,0
2015,138,1412,1417,0
2015,138,1417,1412,1
2015,138,1428,1207,1
2015,138,1437,1301,0
2015,138,1462,1209,1
2015,139,1173,1328,0
2015,139,1181,1361,1
2015,139,1211,1234,1
2015,139,1234,1211,0
2015,139,1242,1455,0
2015,139,1257,1320,1
2015,139,1268,1452,0
2015,139,1277,1438,1
2015,139,1320,1257,0
2015,139,1328,1173,1
2015,139,1332,1458,0
2015,139,1361,1181,0
2015,139,1438,1277,0
2015,139,1452,1268,1
2015,139,1455,1242,1
2015,139,1458,1332,1
2015,143,1112,1462,1
2015,143,1246,1452,1
2015,143,1314,1458,0
2015,143,1323,1455,1
2015,143,1452,1246,0
2015,143,1455,1323,0
2015,143,1458,1314,1
2015,143,1462,1112,0
2015,144,1181,1428,1
2015,144,1211,1417,1
2015,144,1257,1301,1
2015,144,1277,1328,1
2015,144,1301,1257,0
2015,144,1328,1277,0
2015,144,1417,1211,0
2015,144,1428,1181,0
2015,145,1112,1458,0
2015,145,1246,1323,1
2015,145,1323,1246,0
2015,145,1458,1112,1
2015,146,1181,1211,1
2015,146,1211,1181,0
2015,146,1257,1277,0
2015,146,1277,1257,1
2015,152,1181,1277,1
2015,152,1246,1458,0
2015,152,1277,1181,0
2015,152,1458,1246,1
2015,154,1181,1458,1
2015,154,1458,1181,0
2016,134,1192,1195,0
2016,134,1195,1192,1
2016,134,1435,1455,0
2016,134,1455,1435,1
2016,135,1221,1380,1
2016,135,1276,1409,1
2016,135,1380,1221,0
2016,135,1409,1276,0
2016,136,1112,1455,0
2016,136,1114,1345,1
2016,136,1122,1242,0
2016,136,1124,1463,0
2016,136,1138,1274,0
2016,136,1139,1403,1
2016,136,1151,1231,0
2016,136,1160,1163,0
2016,136,1163,1160,1
2016,136,1181,1423,1
2016,136,1195,1314,0
2016,136,1201,1428,0
2016,136,1211,1371,1
2016,136,1214,1438,0
2016,136,1231,1151,1
2016,136,1233,1235,0
2016,136,1235,1233,1
2016,136,1242,1122,1
2016,136,1246,1392,1
2016,136,1274,1138,1
2016,136,1314,1195,1
2016,136,1344,1425,1
2016,136,1345,1114,0
2016,136,1371,1211,0
2016,136,1392,1246,0
2016,136,1403,1139,0
2016,136,1423,1181,0
2016,136,1425,1344,0
2016,136,1428,1201,1
2016,136,1438,1214,1
2016,136,1455,1112,1
2016,136,1463,1124,1
2016,137,1143,1218,0
2016,137,1153,1386,0
2016,137,1167,1328,0
2016,137,1173,1393,0
2016,137,1218,1143,1
2016,137,1221,1332,0
2016,137,1234,1396,1
2016,137,1268,1355,1
2016,137,1276,1323,0
2016,137,1277,1292,0
2016,137,1292,1277,1
2016,137,1320,1400,1
2016,137,1323,1276,1
2016,137,1328,1167,1
2016,137,1332,1221,1
2016,137,1333,1433,0
2016,137,1338,1458,0
2016,137,1355,1268,0
2016,137,1372,1452,1
2016,137,1386,1153,1
2016,137,1393,1173,1
2016,137,1396,1234,0
2016,137,1400,1320,0
2016,137,1401,1453,1
2016,137,1421,1437,0
2016,137,1433,1333,1
2016,137,1437,1421,1
2016,137,1451,1462,0
2016,137,1452,1372,0
2016,137,1453,1401,0
2016,137,1458,1338,1
2016,137,1462,1451,1
2016,138,1114,1235,0
2016,138,1139,1438,0
2016,138,1163,1242,0
2016,138,1181,1463,1
2016,138,1211,1428,1
2016,138,1231,1246,1
2016,138,1235,1114,1
2016,138,1242,1163,1
2016,138,1246,1231,0
2016,138,1274,1455,1
2016,138,1314,1344,1
2016,138,1344,1314,0
2016,138,1428,1211,0
2016,138,1438,1139,1
2016,138,1455,1274,0
2016,138,1463,1181,0
2016,139,1218,1268,0
2016,139,1234,1437,0
2016,139,1268,1218,1
2016,139,1292,1393,0
2016,139,1320,1401,0
2016,139,1323,1372,1
2016,139,1328,1433,1
2016,139,1332,1386,1
2016,139,1372,1323,0
2016,139,1386,1332,0
2016,139,1393,1292,1
2016,139,1401,1320,1
2016,139,1433,1328,0
2016,139,1437,1234,1
2016,139,1458,1462,1
2016,139,1462,1458,0
2016,143,1181,1332,0
2016,143,1242,1268,1
2016,143,1268,1242,0
2016,143,1274,1437,0
2016,143,1328,1401,1
2016,143,1332,1181,1
2016,143,1401,1328,0
2016,143,1437,1274,1
2016,144,1211,1393,0
2016,144,1231,1314,0
2016,144,1235,1438,0
2016,144,1314,1231,1
2016,144,1323,1458,1
2016,144,1393,1211,1
2016,144,1438,1235,1
2016,144,1458,1323,0
2016,145,1242,1437,0
2016,145,1328,1332,1
2016,145,1332,1328,0
2016,145,1437,1242,1
2016,146,1314,1323,1
2016,146,1323,1314,0
2016,146,1393,1438,1
2016,146,1438,1393,0
2016,152,1314,1393,1
2016,152,1328,1437,0
2016,152,1393,1314,0
2016,152,1437,1328,1
2016,154,1314,1437,0
2016,154,1437,1314,1
2017,134,1243,1448,1
2017,134,1291,1309,1
2017,134,1309,1291,0
2017,134,1448,1243,0
2017,135,1300,1413,0
2017,135,1344,1425,0
2017,135,1413,1300,1
2017,135,1425,1344,1
2017,136,1112,1315,1
2017,136,1137,1452,0
2017,136,1139,1457,1
2017,136,1190,1196,0
2017,136,1195,1199,0
2017,136,1196,1190,1
2017,136,1199,1195,1
2017,136,1211,1355,1
2017,136,1235,1305,1
2017,136,1268,1462,0
2017,136,1278,1292,0
2017,136,1291,1437,0
2017,136,1292,1278,1
2017,136,1305,1235,0
2017,136,1315,1112,0
2017,136,1321,1435,1
2017,136,1323,1343,1
2017,136,1343,1323,0
2017,136,1345,1436,1
2017,136,1355,1211,0
2017,136,1388,1433,1
2017,136,1423,1438,0
2017,136,1433,1388,0
2017,136,1435,1321,0
2017,136,1436,1345,0
2017,136,1437,1291,1
2017,136,1438,1423,1
2017,136,1439,1458,0
2017,136,1452,1137,1
2017,136,1457,1139,0
2017,136,1458,1439,1
2017,136,1462,1268,1
2017,137,1116,1371,1
2017,137,1124,1308,1
2017,137,1153,1243,1
2017,137,1166,1348,0
2017,137,1173,1455,0
2017,137,1181,1407,1
2017,137,1233,1332,0
2017,137,1240,1257,0
2017,137,1242,1413,1
2017,137,1243,1153,0
2017,137,1245,1417,0
2017,137,1246,1297,1
2017,137,1257,1240,1
2017,137,1266,1376,0
2017,137,1274,1277,0
2017,137,1276,1329,1
2017,137,1277,1274,1
2017,137,1297,1246,0
2017,137,1308,1124,0
2017,137,1314,1411,1
2017,137,1329,1276,0
2017,137,1332,1233,1
2017,137,1348,1166,1
2017,137,1371,1116,0
2017,137,1374,1425,0
2017,137,1376,1266,1
2017,137,1407,1181,0
2017,137,1411,1314,0
2017,137,1413,1242,0
2017,137,1417,1245,1
2017,137,1425,1374,1
2017,137,1455,1173,1
2017,138,1112,1388,1
2017,138,1139,1292,1
2017,138,1196,1438,1
2017,138,1199,1462,0
2017,138,1211,1321,1
2017,138,1235,1345,0
2017,138,1292,1139,0
2017,138,1321,1211,0
2017,138,1323,1452,0
2017,138,1345,1235,1
2017,138,1388,1112,0
2017,138,1437,1458,0
2017,138,1438,1196,0
2017,138,1452,1323,1
2017,138,1458,1437,1
2017,138,1462,1199,1
2017,139,1116,1314,0
2017,139,1124,1425,1
2017,139,1153,1417,0
2017,139,1181,1376,0
2017,139,1242,1277,1
2017,139,1246,1455,1
2017,139,1257,1276,0
2017,139,1276,1257,1
2017,139,1277,1242,0
2017,139,1314,1116,1
2017,139,1332,1348,1
2017,139,1348,1332,0
2017,139,1376,1181,1
2017,139,1417,1153,1
2017,139,1425,1124,0
2017,139,1455,1246,0
2017,143,1112,1462,0
2017,143,1211,1452,1
2017,143,1242,1345,1
2017,143,1276,1332,0
2017,143,1332,1276,1
2017,143,1345,1242,0
2017,143,1452,1211,0
2017,143,1462,1112,1
2017,144,1124,1376,0
2017,144,1139,1314,0
2017,144,1196,1458,1
2017,144,1246,1417,1
2017,144,1314,1139,1
2017,144,1376,1124,1
2017,144,1417,1246,0
2017,144,1458,1196,0
2017,145,1211,1462,1
2017,145,1242,1332,0
2017,145,1332,1242,1
2017,145,1462,1211,0
2017,146,1196,1376,0
2017,146,1246,1314,0
2017,146,1314,1246,1
2017,146,1376,1196,1
2017,152,1211,1376,1
2017,152,1314,1332,1
2017,152,1332,1314,0
2017,152,1376,1211,0
2017,154,1211,1314,0
2017,154,1314,1211,1
2018,134,1254,1347,0
2018,134,1347,1254,1
2018,134,1382,1417,1
2018,134,1417,1382,0
2018,135,1113,1393,0
2018,135,1300,1411,0
2018,135,1393,1113,1
2018,135,1411,1300,1
2018,136,1104,1439,1
2018,136,1112,1138,0
2018,136,1138,1112,1
2018,136,1172,1246,0
2018,136,1181,1233,1
2018,136,1196,1382,1
2018,136,1211,1422,1
2018,136,1222,1361,1
2018,136,1233,1181,0
2018,136,1242,1335,1
2018,136,1246,1172,1
2018,136,1260,1274,1
2018,136,1274,1260,0
2018,136,1276,1285,1
2018,136,1285,1276,0
2018,136,1301,1371,0
2018,136,1326,1355,1
2018,136,1328,1348,0
2018,136,1335,1242,0
2018,136,1347,1437,0
2018,136,1348,1328,1
2018,136,1355,1326,0
2018,136,1361,1222,0
2018,136,1371,1301,1
2018,136,1372,1403,0
2018,136,1382,1196,0
2018,136,1397,1460,1
2018,136,1403,1372,1
2018,136,1422,1211,0
2018,136,1437,1347,1
2018,136,1439,1104,0
2018,136,1460,1397,0
2018,137,1116,1139,0
2018,137,1120,1158,1
2018,137,1137,1277,0
2018,137,1139,1116,1
2018,137,1153,1209,1
2018,137,1155,1308,1
2018,137,1158,1120,0
2018,137,1166,1243,0
2018,137,1168,1345,0
2018,137,1199,1281,1
2018,137,1209,1153,0
2018,137,1243,1166,1
2018,137,1252,1314,0
2018,137,1267,1455,1
2018,137,1277,1137,1
2018,137,1281,1199,0
2018,137,1293,1452,0
2018,137,1305,1400,1
2018,137,1308,1155,0
2018,137,1314,1252,1
2018,137,1344,1401,0
2018,137,1345,1168,1
2018,137,1393,1395,1
2018,137,1395,1393,0
2018,137,1400,1305,0
2018,137,1401,1344,1
2018,137,1411,1462,0
2018,137,1420,1438,1
2018,137,1438,1420,0
2018,137,1452,1293,1
2018,137,1455,1267,0
2018,137,1462,1411,1
2018,138,1104,1437,0
2018,138,1138,1246,0
2018,138,1181,1348,1
2018,138,1196,1403,0
2018,138,1211,1326,1
2018,138,1222,1276,0
2018,138,1242,1371,1
2018,138,1246,1138,1
2018,138,1260,1397,1
2018,138,1276,1222,1
2018,138,1326,1211,0
2018,138,1348,1181,0
2018,138,1371,1242,0
2018,138,1397,1260,0
2018,138,1403,1196,1
2018,138,1437,1104,1
2018,139,1120,1155,0
2018,139,1139,1345,0
2018,139,1153,1305,0
2018,139,1155,1120,1
2018,139,1199,1462,1
2018,139,1243,1420,1
2018,139,1267,1452,0
2018,139,1277,1393,0
2018,139,1305,1153,1
2018,139,1314,1401,0
2018,139,1345,1139,1
2018,139,1393,1277,1
2018,139,1401,1314,1
2018,139,1420,1243,0
2018,139,1452,1267,1
2018,139,1462,1199,0
2018,143,1199,1211,1
2018,143,1211,1199,0
2018,143,1243,1246,1
2018,143,1246,1243,0
2018,143,1260,1305,1
2018,143,1276,1401,1
2018,143,1305,1260,0
2018,143,1401,1276,0
2018,144,1155,1242,0
2018,144,1181,1393,1
2018,144,1242,1155,1
2018,144,1345,1403,0
2018,144,1393,1181,0
2018,144,1403,1345,1
2018,144,1437,1452,1
2018,144,1452,1437,0
2018,145,1199,1276,0
2018,145,1243,1260,0
2018,145,1260,1243,1
2018,145,1276,1199,1
2018,146,1181,1242,0
2018,146,1242,1181,1
2018,146,1403,1437,0
2018,146,1437,1403,1
2018,152,1242,1437,0
2018,152,1260,1276,0
2018,152,1276,1260,1
2018,152,1437,1242,1
2018,154,1276,1437,0
2018,154,1437,1276,1
2019,134,1125,1396,1
2019,134,1192,1341,1
2019,134,1341,1192,0
2019,134,1396,1125,0
2019,135,1113,1385,1
2019,135,1295,1300,1
2019,135,1300,1295,0
2019,135,1385,1113,0
2019,136,1101,1246,0
2019,136,1120,1308,1
2019,136,1124,1393,1
2019,136,1125,1268,0
2019,136,1133,1277,0
2019,136,1192,1211,0
2019,136,1196,1305,1
2019,136,1199,1436,1
2019,136,1211,1192,1
2019,136,1242,1318,1
2019,136,1246,1101,1
2019,136,1257,1278,0
2019,136,1261,1463,1
2019,136,1266,1293,0
2019,136,1268,1125,1
2019,136,1276,1285,1
2019,136,1277,1133,1
2019,136,1278,1257,1
2019,136,1285,1276,0
2019,136,1293,1266,1
2019,136,1305,1196,0
2019,136,1308,1120,0
2019,136,1318,1242,0
2019,136,1330,1345,0
2019,136,1345,1330,1
2019,136,1371,1459,0
2019,136,1388,1437,0
2019,136,1393,1124,0
2019,136,1436,1199,0
2019,136,1437,1388,1
2019,136,1459,1371,1
2019,136,1463,1261,0
2019,137,1113,1138,0
2019,137,1138,1113,1
2019,137,1153,1234,0
2019,137,1159,1397,0
2019,137,1181,1295,1
2019,137,1205,1438,0
2019,137,1209,1222,0
2019,137,1222,1209,1
2019,137,1233,1314,0
2019,137,1234,1153,1
2019,137,1235,1326,0
2019,137,1243,1414,0
2019,137,1251,1280,1
2019,137,1279,1328,0
2019,137,1280,1251,0
2019,137,1295,1181,0
2019,137,1297,1403,0
2019,137,1314,1233,1
2019,137,1326,1235,1
2019,137,1328,1279,1
2019,137,1332,1458,1
2019,137,1387,1439,0
2019,137,1397,1159,1
2019,137,1403,1297,1
2019,137,1414,1243,1
2019,137,1416,1433,1
2019,137,1429,1449,0
2019,137,1433,1416,0
2019,137,1438,1205,1
2019,137,1439,1387,1
2019,137,1449,1429,1
2019,137,1458,1332,0
2019,138,1120,1242,1
2019,138,1124,1211,0
2019,138,1196,1276,0
2019,138,1199,1293,1
2019,138,1211,1124,1
2019,138,1242,1120,0
2019,138,1246,1459,1
2019,138,1261,1268,1
2019,138,1268,1261,0
2019,138,1276,1196,1
2019,138,1277,1278,1
2019,138,1278,1277,0
2019,138,1293,1199,0
2019,138,1345,1437,1
2019,138,1437,1345,0
2019,138,1459,1246,0
2019,139,1138,1403,0
2019,139,1181,1416,1
2019,139,1222,1326,1
2019,139,1234,1397,0
2019,139,1251,1439,0
2019,139,1314,1449,1
2019,139,1326,1222,0
2019,139,1328,1438,0
2019,139,1332,1414,1
2019,139,1397,1234,1
2019,139,1403,1138,1
2019,139,1414,1332,0
2019,139,1416,1181,0
2019,139,1438,1328,1
2019,139,1439,1251,1
2019,139,1449,1314,0
2019,143,1199,1211,0
2019,143,1211,1199,1
2019,143,1276,1403,0
2019,143,1332,1438,0
2019,143,1345,1397,1
2019,143,1397,1345,0
2019,143,1403,1276,1
2019,143,1438,1332,1
2019,144,1120,1314,1
2019,144,1181,1439,1
2019,144,1222,1246,0
2019,144,1246,1222,1
2019,144,1261,1277,0
2019,144,1277,1261,1
2019,144,1314,1120,0
2019,144,1439,1181,0
2019,145,1211,1403,0
2019,145,1345,1438,0
2019,145,1403,1211,1
2019,145,1438,1345,1
2019,146,1120,1246,1
2019,146,1181,1277,0
2019,146,1246,1120,0
2019,146,1277,1181,1
2019,152,1120,1438,0
2019,152,1277,1403,0
2019,152,1403,1277,1
2019,152,1438,1120,1
2019,154,1403,1438,0
2019,154,1438,1403,1
2021,136,1111,1313,0
2021,136,1179,1455,1
2021,136,1277,1417,0
2021,136,1291,1411,0
2021,136,1313,1111,1
2021,136,1411,1291,1
2021,136,1417,1277,1
2021,136,1455,1179,0
2021,137,1116,1159,1
2021,137,1124,1216,1
2021,137,1155,1353,0
2021,137,1156,1222,0
2021,137,1159,1116,0
2021,137,1180,1228,0
2021,137,1196,1439,1
2021,137,1210,1260,0
2021,137,1216,1124,0
2021,137,1222,1156,1
2021,137,1228,1180,1
2021,137,1251,1329,0
2021,137,1260,1210,1
2021,137,1287,1452,0
2021,137,1314,1458,0
2021,137,1317,1345,1
2021,137,1326,1331,0
2021,137,1329,1251,1
2021,137,1331,1326,1
2021,137,1333,1397,1
2021,137,1345,1317,0
2021,137,1353,1155,1
2021,137,1361,1393,0
2021,137,1393,1361,1
2021,137,1397,1333,0
2021,137,1403,1429,1
2021,137,1429,1403,0
2021,137,1437,1457,1
2021,137,1439,1196,0
2021,137,1452,1287,1
2021,137,1457,1437,0
2021,137,1458,1314,1
2021,138,1101,1400,1
2021,138,1104,1233,1
2021,138,1140,1417,0
2021,138,1160,1207,1
2021,138,1163,1268,0
2021,138,1166,1364,1
2021,138,1179,1425,0
2021,138,1186,1242,0
2021,138,1199,1422,1
2021,138,1207,1160,0
2021,138,1211,1313,1
2021,138,1213,1234,0
2021,138,1233,1104,0
2021,138,1234,1213,1
2021,138,1242,1186,1
2021,138,1261,1382,1
2021,138,1268,1163,1
2021,138,1276,1411,1
2021,138,1281,1328,0
2021,138,1313,1211,0
2021,138,1325,1438,1
2021,138,1328,1281,1
2021,138,1364,1166,0
2021,138,1382,1261,0
2021,138,1400,1101,0
2021,138,1411,1276,0
2021,138,1417,1140,1
2021,138,1422,1199,0
2021,138,1425,1179,1
2021,138,1438,1325,0
2021,139,1116,1403,1
2021,139,1124,1458,1
2021,139,1196,1331,0
2021,139,1222,1353,1
2021,139,1228,1260,0
2021,139,1260,1228,1
2021,139,1317,1437,0
2021,139,1329,1333,0
2021,139,1331,1196,1
2021,139,1333,1329,1
2021,139,1353,1222,0
2021,139,1393,1452,1
2021,139,1403,1116,0
2021,139,1437,1317,1
2021,139,1452,1393,0
2021,139,1458,1124,0
2021,140,1101,1417,0
2021,140,1104,1268,1
2021,140,1160,1199,0
2021,140,1166,1325,1
2021,140,1199,1160,1
2021,140,1211,1328,1
2021,140,1234,1332,0
2021,140,1242,1425,0
2021,140,1261,1276,0
2021,140,1268,1104,0
2021,140,1276,1261,1
2021,140,1325,1166,0
2021,140,1328,1211,0
2021,140,1332,1234,1
2021,140,1417,1101,1
2021,140,1425,1242,1
2021,145,1116,1331,1
2021,145,1124,1437,1
2021,145,1222,1393,1
2021,145,1260,1333,0
2021,145,1331,1116,0
2021,145,1333,1260,1
2021,145,1393,1222,0
2021,145,1437,1124,0
2021,146,1104,1417,0
2021,146,1166,1211,0
2021,146,1199,1276,0
2021,146,1211,1166,1
2021,146,1276,1199,1
2021,146,1332,1425,0
2021,146,1417,1104,1
2021,146,1425,1332,1
2021,147,1116,1124,0
2021,147,1124,1116,1
2021,147,1222,1333,1
2021,147,1333,1222,0
2021,148,1211,1425,1
2021,148,1276,1417,0
2021,148,1417,1276,1
2021,148,1425,1211,0
2021,152,1124,1222,1
2021,152,1211,1417,1
2021,152,1222,1124,0
2021,152,1417,1211,0
2021,154,1124,1211,1
2021,154,1211,1124,0
2022,134,1231,1461,1
2022,134,1394,1411,0
2022,134,1411,1394,1
2022,134,1461,1231,0
2022,135,1136,1460,0
2022,135,1323,1353,1
2022,135,1353,1323,0
2022,135,1460,1136,1
2022,136,1103,1417,0
2022,136,1116,1436,1
2022,136,1124,1313,1
2022,136,1129,1272,0
2022,136,1161,1276,0
2022,136,1163,1308,0
2022,136,1166,1361,1
2022,136,1209,1211,0
2022,136,1211,1209,1
2022,136,1231,1388,0
2022,136,1234,1350,0
2022,136,1242,1411,1
2022,136,1246,1389,0
2022,136,1255,1397,0
2022,136,1266,1314,0
2022,136,1272,1129,1
2022,136,1276,1161,1
2022,136,1293,1362,1
2022,136,1308,1163,1
2022,136,1313,1124,0
2022,136,1314,1266,1
2022,136,1344,1355,1
2022,136,1350,1234,1
2022,136,1355,1344,0
2022,136,1361,1166,0
2022,136,1362,1293,0
2022,136,1388,1231,1
2022,136,1389,1246,1
2022,136,1397,1255,1
2022,136,1411,1242,0
2022,136,1417,1103,1
2022,136,1436,1116,0
2022,137,1104,1323,0
2022,137,1112,1460,1
2022,137,1120,1240,1
2022,137,1151,1228,0
2022,137,1159,1458,0
2022,137,1168,1181,0
2022,137,1172,1277,0
2022,137,1174,1437,0
2022,137,1181,1168,1
2022,137,1222,1412,1
2022,137,1228,1151,1
2022,137,1235,1261,1
2022,137,1240,1120,0
2022,137,1260,1326,0
2022,137,1261,1235,0
2022,137,1274,1425,1
2022,137,1277,1172,1
2022,137,1286,1403,0
2022,137,1323,1104,1
2022,137,1326,1260,1
2022,137,1345,1463,1
2022,137,1371,1395,0
2022,137,1395,1371,1
2022,137,1400,1439,1
2022,137,1403,1286,1
2022,137,1412,1222,0
2022,137,1425,1274,0
2022,137,1437,1174,1
2022,137,1439,1400,0
2022,137,1458,1159,1
2022,137,1460,1112,0
2022,137,1463,1345,0
2022,138,1116,1308,1
2022,138,1124,1314,0
2022,138,1166,1242,0
2022,138,1211,1272,1
2022,138,1242,1166,1
2022,138,1272,1211,0
2022,138,1276,1397,1
2022,138,1293,1389,0
2022,138,1308,1116,0
2022,138,1314,1124,1
2022,138,1344,1350,1
2022,138,1350,1344,0
2022,138,1388,1417,0
2022,138,1389,1293,1
2022,138,1397,1276,0
2022,138,1417,1388,1
2022,139,1112,1395,1
2022,139,1120,1274,0
2022,139,1181,1277,1
2022,139,1222,1228,1
2022,139,1228,1222,0
2022,139,1235,1458,1
2022,139,1274,1120,1
2022,139,1277,1181,0
2022,139,1323,1403,0
2022,139,1326,1437,0
2022,139,1345,1400,1
2022,139,1395,1112,0
2022,139,1400,1345,0
2022,139,1403,1323,1
2022,139,1437,1326,1
2022,139,1458,1235,0
2022,143,1112,1222,0
2022,143,1116,1211,1
2022,143,1181,1403,1
2022,143,1211,1116,0
2022,143,1222,1112,1
2022,143,1276,1437,0
2022,143,1403,1181,0
2022,143,1437,1276,1
2022,144,1235,1274,0
2022,144,1242,1344,1
2022,144,1274,1235,1
2022,144,1314,1417,1
2022,144,1344,1242,0
2022,144,1345,1389,0
2022,144,1389,1345,1
2022,144,1417,1314,0
2022,145,1116,1181,0
2022,145,1181,1116,1
2022,145,1222,1437,0
2022,145,1437,1222,1
2022,146,1242,1274,1
2022,146,1274,1242,0
2022,146,1314,1389,1
2022,146,1389,1314,0
2022,152,1181,1314,0
2022,152,1242,1437,1
2022,152,1314,1181,1
2022,152,1437,1242,0
2022,154,1242,1314,1
2022,154,1314,1242,0
2023,134,1280,1338,0
2023,134,1338,1280,1
2023,134,1369,1394,0
2023,134,1394,1369,1
2023,135,1113,1305,1
2023,135,1192,1411,1
2023,135,1305,1113,0
2023,135,1411,1192,0
2023,136,1104,1394,1
2023,136,1112,1343,0
2023,136,1116,1228,1
2023,136,1120,1234,1
2023,136,1129,1321,0
2023,136,1158,1361,0
2023,136,1159,1400,0
2023,136,1181,1331,1
2023,136,1202,1438,1
2023,136,1222,1297,1
2023,136,1224,1242,0
2023,136,1228,1116,0
2023,136,1234,1120,0
2023,136,1242,1224,1
2023,136,1268,1452,1
2023,136,1281,1429,1
2023,136,1297,1222,0
2023,136,1321,1129,1
2023,136,1331,1181,0
2023,136,1336,1401,1
2023,136,1343,1112,1
2023,136,1361,1158,1
2023,136,1394,1104,0
2023,136,1397,1418,1
2023,136,1400,1159,1
2023,136,1401,1336,0
2023,136,1417,1421,1
2023,136,1418,1397,0
2023,136,1421,1417,0
2023,136,1429,1281,0
2023,136,1438,1202,0
2023,136,1452,1268,0
2023,137,1113,1395,0
2023,137,1124,1364,1
2023,137,1163,1233,1
2023,137,1166,1301,1
2023,137,1179,1274,0
2023,137,1192,1345,1
2023,137,1194,1272,1
2023,137,1211,1213,1
2023,137,1213,1211,0
2023,137,1231,1245,1
2023,137,1233,1163,0
2023,137,1235,1338,0
2023,137,1243,1286,1
2023,137,1244,1462,0
2023,137,1245,1231,0
2023,137,1246,1344,1
2023,137,1266,1436,1
2023,137,1272,1194,0
2023,137,1274,1179,1
2023,137,1277,1425,1
2023,137,1286,1243,0
2023,137,1301,1166,0
2023,137,1338,1235,1
2023,137,1344,1246,0
2023,137,1345,1192,0
2023,137,1364,1124,0
2023,137,1388,1433,1
2023,137,1395,1113,1
2023,137,1425,1277,0
2023,137,1433,1388,0
2023,137,1436,1266,0
2023,137,1462,1244,1
2023,138,1104,1268,1
2023,138,1116,1242,1
2023,138,1120,1222,0
2023,138,1181,1397,0
2023,138,1202,1361,0
2023,138,1222,1120,1
2023,138,1242,1116,0
2023,138,1268,1104,0
2023,138,1281,1343,0
2023,138,1321,1417,0
2023,138,1336,1400,0
2023,138,1343,1281,1
2023,138,1361,1202,1
2023,138,1397,1181,1
2023,138,1400,1336,1
2023,138,1417,1321,1
2023,139,1124,1166,0
2023,139,1163,1388,1
2023,139,1166,1124,1
2023,139,1192,1194,0
2023,139,1194,1192,1
2023,139,1211,1395,1
2023,139,1231,1274,0
2023,139,1243,1246,1
2023,139,1246,1243,0
2023,139,1266,1277,0
2023,139,1274,1231,1
2023,139,1277,1266,1
2023,139,1338,1462,0
2023,139,1388,1163,0
2023,139,1395,1211,0
2023,139,1462,1338,1
2023,143,1116,1163,0
2023,143,1163,1116,1
2023,143,1194,1397,1
2023,143,1211,1417,1
2023,143,1243,1277,1
2023,143,1277,1243,0
2023,143,1397,1194,0
2023,143,1417,1211,0
2023,144,1104,1361,0
2023,144,1166,1343,1
2023,144,1222,1274,0
2023,144,1274,1222,1
2023,144,1343,1166,0
2023,144,1361,1104,1
2023,144,1400,1462,1
2023,144,1462,1400,0
2023,145,1163,1211,1
2023,145,1194,1243,1
2023,145,1211,1163,0
2023,145,1243,1194,0
2023,146,1166,1361,0
2023,146,1274,1400,1
2023,146,1361,1166,1
2023,146,1400,1274,0
2023,152,1163,1274,1
2023,152,1194,1361,0
2023,152,1274,1163,0
2023,152,1361,1194,1
2023,154,1163,1361,1
2023,154,1361,1163,0
2024,134,1161,1438,1
2024,134,1224,1447,0
2024,134,1438,1161,0
2024,134,1447,1224,1
2024,135,1129,1160,0
2024,135,1160,1129,1
2024,135,1212,1286,1
2024,135,1286,1212,0
2024,136,1103,1166,0
2024,136,1112,1253,1
2024,136,1140,1182,0
2024,136,1161,1400,0
2024,136,1166,1103,1
2024,136,1173,1305,1
2024,136,1179,1450,0
2024,136,1182,1140,1
2024,136,1211,1270,1
2024,136,1228,1287,1
2024,136,1235,1355,1
2024,136,1242,1359,1
2024,136,1246,1324,0
2024,136,1253,1112,0
2024,136,1270,1211,0
2024,136,1277,1280,1
2024,136,1280,1277,0
2024,136,1287,1228,0
2024,136,1301,1403,1
2024,136,1305,1173,0
2024,136,1314,1447,1
2024,136,1324,1246,1
2024,136,1332,1376,1
2024,136,1355,1235,0
2024,136,1359,1242,0
2024,136,1376,1332,0
2024,136,1389,1397,0
2024,136,1397,1389,1
2024,136,1400,1161,1
2024,136,1403,1301,0
2024,136,1447,1314,0
2024,136,1450,1179,1
2024,137,1104,1158,1
2024,137,1120,1463,0
2024,137,1124,1159,1
2024,137,1155,1307,1
2024,137,1158,1104,0
2024,137,1159,1124,0
2024,137,1160,1196,1
2024,137,1163,1391,1
2024,137,1181,1436,1
2024,137,1194,1321,0
2024,137,1196,1160,0
2024,137,1212,1345,0
2024,137,1213,1388,1
2024,137,1222,1255,1
2024,137,1241,1458,1
2024,137,1255,1222,0
2024,137,1266,1443,1
2024,137,1304,1401,0
2024,137,1307,1155,0
2024,137,1321,1194,1
2024,137,1345,1212,1
2024,137,1361,1412,1
2024,137,1388,1213,0
2024,137,1391,1163,0
2024,137,1395,1429,0
2024,137,1401,1304,1
2024,137,1412,1361,0
2024,137,1429,1395,1
2024,137,1436,1181,0
2024,137,1443,1266,0
2024,137,1458,1241,0
2024,137,1463,1120,1
2024,138,1112,1173,1
2024,138,1166,1332,1
2024,138,1173,1112,0
2024,138,1182,1228,0
2024,138,1211,1242,1
2024,138,1228,1182,1
2024,138,1235,1450,1
2024,138,1242,1211,0
2024,138,1277,1314,0
2024,138,1301,1324,1
2024,138,1314,1277,1
2024,138,1324,1301,0
2024,138,1332,1166,0
2024,138,1397,1400,1
2024,138,1400,1397,0
2024,138,1450,1235,0
2024,139,1104,1213,1
2024,139,1124,1155,0
2024,139,1155,1124,1
2024,139,1160,1266,0
2024,139,1163,1321,1
2024,139,1181,1241,1
2024,139,1213,1104,0
2024,139,1222,1401,1
2024,139,1241,1181,0
2024,139,1266,1160,1
2024,139,1321,1163,0
2024,139,1345,1429,1
2024,139,1361,1463,1
2024,139,1401,1222,0
2024,139,1429,1345,0
2024,139,1463,1361,0
2024,143,1104,1314,1
2024,143,1112,1155,0
2024,143,1155,1112,1
2024,143,1163,1361,1
2024,143,1228,1235,1
2024,143,1235,1228,0
2024,143,1314,1104,0
2024,143,1361,1163,0
2024,144,1166,1397,0
2024,144,1181,1222,1
2024,144,1211,1345,0
2024,144,1222,1181,0
2024,144,1266,1301,0
2024,144,1301,1266,1
2024,144,1345,1211,1
2024,144,1397,1166,1
2024,145,1104,1155,1
2024,145,1155,1104,0
2024,145,1163,1228,1
2024,145,1228,1163,0
2024,146,1181,1301,0
2024,146,1301,1181,1
2024,146,1345,1397,1
2024,146,1397,1345,0
2024,152,1104,1163,0
2024,152,1163,1104,1
2024,152,1301,1345,0
2024,152,1345,1301,1
2024,154,1163,1345,1
2024,154,1345,1163,0
2025,134,1106,1384,1
2025,134,1314,1361,1
2025,134,1361,1314,0
2025,134,1384,1106,0
2025,135,1110,1291,0
2025,135,1291,1110,1
2025,135,1400,1462,0
2025,135,1462,1400,1
2025,136,1106,1120,0
2025,136,1116,1242,1
2025,136,1120,1106,1
2025,136,1140,1433,1
2025,136,1155,1270,0
2025,136,1166,1257,1
2025,136,1179,1281,1
2025,136,1188,1222,0
2025,136,1208,1211,0
2025,136,1211,1208,1
2025,136,1219,1345,0
2025,136,1222,1188,1
2025,136,1242,1116,0
2025,136,1257,1166,0
2025,136,1270,1155,1
2025,136,1276,1471,1
2025,136,1281,1179,0
2025,136,1285,1458,0
2025,136,1303,1385,0
2025,136,1345,1219,1
2025,136,1385,1303,1
2025,136,1397,1459,1
2025,136,1401,1463,1
2025,136,1403,1423,1
2025,136,1417,1429,1
2025,136,1423,1403,0
2025,136,1429,1417,0
2025,136,1433,1140,0
2025,136,1458,1285,1
2025,136,1459,1397,0
2025,136,1463,1401,0
2025,136,1471,1276,0
2025,137,1103,1112,0
2025,137,1104,1352,1
2025,137,1112,1103,1
2025,137,1124,1280,1
2025,137,1136,1277,0
2025,137,1161,1272,1
2025,137,1163,1328,1
2025,137,1181,1291,1
2025,137,1196,1313,1
2025,137,1213,1268,0
2025,137,1228,1462,1
2025,137,1235,1252,1
2025,137,1246,1407,1
2025,137,1251,1332,0
2025,137,1252,1235,0
2025,137,1266,1307,0
2025,137,1268,1213,1
2025,137,1272,1161,0
2025,137,1277,1136,1
2025,137,1279,1314,1
2025,137,1280,1124,0
2025,137,1291,1181,0
2025,137,1307,1266,1
2025,137,1313,1196,0
2025,137,1314,1279,0
2025,137,1328,1163,0
2025,137,1332,1251,1
2025,137,1352,1104,0
2025,137,1388,1435,1
2025,137,1407,1246,0
2025,137,1435,1388,0
2025,137,1462,1228,0
2025,138,1116,1385,1
2025,138,1120,1166,1
2025,138,1140,1458,1
2025,138,1166,1120,0
2025,138,1179,1403,0
2025,138,1211,1222,0
2025,138,1222,1211,1
2025,138,1270,1345,0
2025,138,1276,1401,1
2025,138,1345,1270,1
2025,138,1385,1116,0
2025,138,1397,1417,1
2025,138,1401,1276,0
2025,138,1403,1179,1
2025,138,1417,1397,0
2025,138,1458,1140,0
2025,139,1104,1388,1
2025,139,1112,1332,1
2025,139,1124,1181,0
2025,139,1161,1268,0
2025,139,1163,1196,0
2025,139,1181,1124,1
2025,139,1196,1163,1
2025,139,1228,1246,0
2025,139,1235,1279,0
2025,139,1246,1228,1
2025,139,1268,1161,1
2025,139,1277,1307,1
2025,139,1279,1235,1
2025,139,1307,1277,0
2025,139,1332,1112,0
2025,139,1388,1104,0
2025,143,1104,1140,1
2025,143,1112,1181,0
2025,143,1116,1403,0
2025,143,1140,1104,0
2025,143,1181,1112,1
2025,143,1196,1268,1
2025,143,1268,1196,0
2025,143,1403,1116,1
2025,144,1120,1276,1
2025,144,1222,1345,1
2025,144,1246,1397,0
2025,144,1276,1120,0
2025,144,1277,1279,1
2025,144,1279,1277,0
2025,144,1345,1222,0
2025,144,1397,1246,1
2025,145,1104,1181,0
2025,145,1181,1104,1
2025,145,1196,1403,1
2025,145,1403,1196,0
2025,146,1120,1277,1
2025,146,1222,1397,1
2025,146,1277,1120,0
2025,146,1397,1222,0
2025,152,1120,1196,0
2025,152,1181,1222,0
2025,152,1196,1120,1
2025,152,1222,1181,1
2025,154,1196,1222,1
2025,154,1222,1196,0
