Season,Slot,TeamAID,TeamBID,TeamA_seed_num,TeamB_seed_num,seed_gap,delta_kp_adjde,delta_kp_adjem,delta_kp_adjoe,delta_kp_de,delta_kp_oe,delta_kp_rankadjde,delta_kp_rankadjoe,delta_kp_rankde,delta_kp_rankoe,delta_kp_tempo,delta_lms_consistency,delta_lms_margin_vs_weak_surplus,delta_lms_residual_std,delta_lms_slope,delta_rs_ast,delta_rs_ast_to_ratio,delta_rs_avg_margin,delta_rs_avg_pts_against,delta_rs_avg_pts_for,delta_rs_blk,delta_rs_dr_pct,delta_rs_drb,delta_rs_efg_pct,delta_rs_fg2_pct,delta_rs_fg3_pct,delta_rs_fg_pct,delta_rs_fga,delta_rs_fgm,delta_rs_fgm3,delta_rs_ft_pct,delta_rs_ft_rate,delta_rs_games,delta_rs_margin_std,delta_rs_opp_ast,delta_rs_opp_blk,delta_rs_opp_dr,delta_rs_opp_efg_pct,delta_rs_opp_fg2_pct,delta_rs_opp_fg3_pct,delta_rs_opp_fg_pct,delta_rs_opp_fga,delta_rs_opp_fgm,delta_rs_opp_fgm3,delta_rs_opp_ft_pct,delta_rs_opp_ft_rate,delta_rs_opp_fta,delta_rs_opp_or,delta_rs_opp_stl,delta_rs_opp_to,delta_rs_or_pct,delta_rs_orb,delta_rs_pf,delta_rs_stl,delta_rs_to,delta_rs_to_rate,delta_rs_win_pct,delta_tourney_seed_num
2026,R1W1,1181,1373,1.0,16.0,15.0,-20.10000000000001,41.0,20.900000000000006,-7.5,12.799999999999997,-173,-206,-41,-139,2.799999999999997,-0.018692297868019736,5.0242968377562365,3.712973717316247,-16.683826507151572,3.8776418242491637,0.15733672603901594,15.989988876529477,-3.9688542825361495,12.021134593993324,0.21690767519466014,0.05917146421753572,4.954393770856502,0.06575079143829554,0.07363710627715492,0.05347437452275078,0.035437240857445595,2.444938820912121,3.1824249165739715,3.741935483870968,-0.032675497399045406,0.04556058292544429,-2,4.597272603943216,0.17797552836485053,-1.2347052280311455,-1.101223581757509,-0.039907631890039874,-0.035448531910999614,-0.030187543877243983,-0.04349744120506216,2.483870967741936,-1.4505005561735267,0.7397107897664075,-0.011401722455559815,-0.0517161924357504,-2.2981090100111263,-0.9043381535038932,0.548387096774194,0.5739710789766406,0.052707079194231066,1.7296996662958843,1.6596218020022242,1.382647385984427,1.4794215795328132,0.010841506822527186,0.28587319243604015,-15.0
2026,R1W2,1163,1202,2.0,15.0,13.0,-15.300000000000011,29.799999999999997,14.5,-9.5,4.599999999999994,-170,-170,-130,-58,-0.4000000000000057,-0.14592175303974098,4.109523809523811,2.1662486200085063,-11.418159821499199,3.454761904761904,0.513323018738181,11.247619047619047,-6.976190476190467,4.271428571428572,1.5428571428571436,0.00336684411984689,-1.6380952380952394,0.01764852188743604,-0.02585447449121836,0.042390151515151575,0.02022065093803299,1.490476190476187,1.8833333333333329,-0.07619047619047592,0.02190842035023166,-0.0035158470722000956,2,2.6417550815405892,-2.069047619047618,0.480952380952381,-1.0166666666666693,-0.04205480346884283,-0.05071090047393356,-0.019088047590170076,-0.028267437712073906,-6.219047619047615,-4.195238095238096,-2.352380952380953,0.019577769758210017,0.11861857873915987,4.733333333333331,-0.7357142857142858,-1.8642857142857148,2.578571428571429,0.027431140162644585,0.7119047619047603,2.7785714285714302,2.6761904761904765,-0.7928571428571427,-0.011879026335726198,0.3285714285714286,-13.0
2026,R1W3,1277,1295,3.0,14.0,11.0,-11.899999999999991,23.200000000000003,11.299999999999997,-1.1999999999999886,2.6000000000000085,-111,-100,-14,-25,-1.2000000000000028,0.0267138272350822,0.8147025388404705,0.2950926540471137,-2.640037166885346,3.3091133004926103,0.3263531221884659,4.322660098522166,-5.690886699507402,-1.3682266009852242,0.41871921182266014,0.0416924516625663,3.5972906403940925,-0.0023157078240706452,0.0002568603108008549,-0.003933521117024941,0.008469344194559136,-3.121921182266007,-0.9421182266009858,-1.7401477832512304,0.03361621876473353,0.05303207318719372,1,0.13876096041511765,-1.137931034482758,-1.2684729064039408,-2.9630541871921174,-0.04990571776155722,-0.05819877146007235,-0.025853932225843812,-0.04975669099756691,-0.4532019704433523,-3.024630541871918,-0.08374384236453203,-0.0019104084321476256,0.01359489051094892,0.6403940886699537,-0.6613300492610836,0.17487684729064057,-2.007389162561573,0.04991292197403868,0.8152709359605907,0.8891625615763541,-1.681034482758621,0.08004926108374377,0.004336564639443305,0.07758620689655171,-11.0
2026,R1W4,1242,1465,4.0,13.0,9.0,-8.0,18.4,10.399999999999991,1.7000000000000028,2.799999999999997,-40,-134,12,-66,0.7999999999999972,-0.39718024163443,6.975369458128079,0.5704738590400602,-86.81686886881445,4.137931034482758,0.6037112493805405,3.3103448275862073,0.6551724137930961,3.9655172413793025,2.4827586206896557,-0.01436370726634606,2.931034482758619,0.051899538860139316,0.05517383688693983,0.029355601448624757,0.041141097801510595,-1.103448275862064,1.9310344827586228,1.137931034482759,0.05076436127545103,-0.04042086743775297,0,4.244751667894539,0.9655172413793096,-1.137931034482759,1.1724137931034484,-0.01228904346805193,-0.016278463932882237,-0.0007815684112105203,-0.02817058495494712,6.310344827586206,0.8275862068965516,2.6206896551724137,-0.053586785884922605,-0.0942248050639351,-3.7241379310344804,1.7586206896551726,-0.7241379310344831,-1.6206896551724128,-0.0982670163037282,-4.103448275862069,-4.344827586206897,0.3103448275862073,-1.1034482758620694,-0.008959907601958986,0.0,-9.0
2026,R1W5,1385,1320,5.0,12.0,7.0,-4.0,14.099999999999998,10.099999999999994,1.5,6.200000000000003,-12,-109,10,-114,7.600000000000001,0.05696139914264553,2.4651888341543495,3.9145853231996934,-10.97473860949681,2.0390804597701155,-0.041742986599826226,5.491954022988506,8.759770114942526,14.251724137931035,1.3954022988505743,-0.02204195578811663,1.3632183908045974,-0.021472057493520436,-0.035801497447074726,0.0008675799086758085,-0.010827582160336802,6.762068965517237,2.4678160919540275,-0.3965517241379306,0.03253562952746625,0.17805469734768253,-1,4.05272655398268,1.2011494252873565,0.325287356321839,-2.105747126436782,0.003252735729266376,-0.03330266098289231,0.03745715865118848,0.006841463240644385,6.028735632183903,2.906896551724138,0.2908045977011495,0.011845493562231746,0.0282753848568289,3.432183908045978,1.3885057471264366,1.0356321839080458,2.4827586206896566,0.14847220989735851,5.536781609195403,2.451724137931036,1.8712643678160923,1.463218390804597,-0.0025210309754425952,0.19310344827586212,-7.0
2026,R1W6,1257,1378,6.0,11.0,5.0,-2.3000000000000114,9.100000000000001,6.799999999999997,-0.10000000000000853,2.0,-15,-42,-3,-19,-1.9000000000000057,-0.08443678841784752,12.784103827207277,4.994175072107932,-43.43680918355666,0.4901477832512313,0.14588508031130987,3.902709359605911,-5.401477832512313,-1.4987684729063915,-0.022167487684729537,0.03732406427887769,1.5135467980295552,0.05633286256993009,0.07768253580302953,0.02812472455968429,0.03329556278122631,-3.812807881773402,0.39285714285714235,2.2931034482758594,0.030009338962065146,-0.08702280465508372,1,7.7102615334777305,-1.2536945812807883,-2.1761083743842358,-0.8509852216748754,-0.006574919278120095,0.01482425249896091,-0.026252224764810594,-0.0016915530045424898,-1.8903940886699502,-0.8953201970443345,-0.848522167487685,0.011011051164283359,-0.05855120097271782,-4.254926108374381,-1.2315270935960587,-0.73768472906404,-0.6761083743842384,-0.030235095574008053,-1.981527093596057,-1.3435960591133025,-1.1908866995073888,-0.651477832512315,0.003379729485642996,-0.024630541871921152,-5.0
2026,R1W7,1417,1416,7.0,10.0,3.0,-3.3000000000000114,6.500000000000002,3.200000000000003,-3.0999999999999943,3.5,-48,-18,-91,-34,-4.8999999999999915,0.0709366758775406,6.1834975369458105,2.1489099259861675,-8.984671799095942,-0.5344827586206904,0.32185387833923373,1.7450738916256157,-6.09482758620689,-4.349753694581281,-0.18472906403940836,-0.03984106529209619,-2.199507389162566,-0.010373661307729987,-0.011745106339310918,-0.0054207537429014074,-0.009821525718908264,-3.9790640394088683,-2.4778325123152705,-0.5997536945812803,0.01437703413168645,0.041207764499641475,1,1.6559351747465314,0.2943349753694591,-0.7857142857142856,-0.09605911330048755,-0.018914801998211606,-0.0061946161448647175,-0.020317397998932674,-0.022918885633176955,-3.8546798029556655,-3.0480295566502456,-0.07019704433497598,0.01538856672504807,0.017563902552566457,-0.31403940886699644,0.8140394088669982,-0.5024630541871922,0.5591133004926103,-0.04193495669226999,-1.8719211822660107,0.20566502463054448,0.37438423645320196,-1.9729064039408861,-0.0170912545400273,-0.059113300492610876,-3.0
2026,R1W8,1326,1395,8.0,9.0,1.0,4.299999999999997,4.599999999999998,8.899999999999991,6.299999999999997,7.3999999999999915,32,-64,127,-90,-3.1000000000000085,0.07317887587763489,-1.7982190223569514,0.9102189797753795,-0.15340827522086897,-1.5862068965517189,0.15646503921647237,0.0344827586206895,1.3103448275862064,1.3448275862068897,-1.931034482758621,-0.02961042463469654,0.24137931034482207,0.04705167173252278,0.06202362674660711,0.016934966115800698,0.03950151975683891,-3.62068965517242,0.6206896551724128,0.4137931034482758,0.06624119003540219,-0.017884498480243205,0,-0.17547819931680486,-2.793103448275861,-0.9655172413793096,-1.6896551724137936,-0.011535444896869473,0.01075745253652638,-0.029507521120956004,-0.010644038003693568,0.551724137931032,-0.37931034482759074,-0.0344827586206895,0.02998098635392299,0.033520236744320586,2.137931034482758,1.3793103448275872,-1.0,-2.8965517241379324,-0.03662997672123819,-2.2758620689655187,1.448275862068968,-2.0344827586206895,-1.931034482758621,-0.014451149969228791,-0.03448275862068961,-1.0
2026,R1X2,1222,1225,2.0,15.0,13.0,-15.899999999999991,32.0,16.10000000000001,-10.299999999999997,8.099999999999994,-131,-162,-126,-99,-4.299999999999997,-0.19541696919110535,2.0235779546124366,0.4333637241732635,-32.7512846183009,3.143039591315455,0.7223025919228454,14.130268199233717,-13.057471264367805,1.0727969348659059,-0.00893997445721606,-0.04514586721149705,-1.841634738186464,0.0010189803269603503,0.013788946323876505,-0.009739869752090402,0.01435023552230541,2.661558109833976,2.0472541507024253,-1.2068965517241388,0.04177521048061328,-0.06977556109725697,2,2.4847208987616103,-0.5389527458492989,-0.2962962962962967,-3.2605363984674334,-0.04570906737651609,-0.0322158958532508,-0.047398011007960594,-0.046007683283108336,-5.236270753512123,-4.725415070242658,-0.6436781609195403,-0.07312277926970567,0.0027062066534921936,-1.9348659003831479,1.2120051085568324,-0.9680715197956582,2.500638569604087,0.0897842510901532,2.6717752234993597,-0.6819923371647505,2.6704980842911876,-1.5363984674329512,-0.0194672465296475,0.3461047254150703,-13.0
2026,R1X3,1228,1335,3.0,14.0,11.0,-6.800000000000011,30.6,23.799999999999983,-2.0,18.099999999999994,-83,-202,-34,-198,-2.5999999999999943,-0.04486578863754692,4.830082101806239,4.585416390301516,-31.582090241306922,1.1641379310344817,0.4123435014179979,14.788965517241381,-4.408275862068962,10.380689655172418,0.693793103448276,0.022594072594072534,3.1572413793103458,0.05159964351321367,0.11137079962718693,-0.02716168434586952,0.026772885178516115,2.615172413793104,2.7917241379310376,3.4068965517241407,0.10530813495966962,-0.03411178407086085,4,6.470880807865658,-0.7627586206896559,-2.179310344827586,-4.708965517241381,-0.04351759158505625,-0.07574690878487744,0.003879535899240394,-0.047227421109902135,3.379310344827587,-1.44551724137931,0.8937931034482762,0.05395715867253681,-0.08783605368153793,-4.602758620689658,0.16000000000000014,-0.3186206896551722,-2.3503448275862064,0.1015103715904967,2.526896551724141,-3.838620689655171,-1.132413793103448,-1.5875862068965514,-0.020951975279400695,0.19862068965517232,-11.0
2026,R1X4,1304,1407,4.0,13.0,9.0,-16.599999999999994,24.400000000000002,7.799999999999997,-8.600000000000009,1.5999999999999943,-159,-86,-107,-28,0.29999999999999716,-0.34549052490488164,4.147404319818115,-1.588136613833706,-29.787957994457585,3.068965517241379,0.6144989878542506,9.89655172413793,-9.655172413793096,0.24137931034483984,-0.2068965517241379,0.05138272770174612,1.6551724137931103,0.0420601474007023,0.054801385236167954,0.02118604710074562,0.029270415986545895,-1.1379310344827545,1.2413793103448256,1.3448275862068968,0.03250457810959295,-0.08716624622842167,0,-0.11085629407046049,0.5172413793103452,0.2758620689655178,1.2068965517241423,-0.03440428092639736,-0.021621656203084483,-0.026144258750845584,-0.04525695559921622,-2.448275862068961,-3.7241379310344804,0.9655172413793105,0.023427396624332686,-0.07218928278238734,-4.9999999999999964,-1.7586206896551726,-1.4137931034482758,-0.3793103448275854,-0.07135131288692809,-2.6896551724137927,-2.206896551724137,-0.8620689655172411,-1.413793103448274,-0.010561627327282011,0.2413793103448275,-9.0
2026,R1X5,1435,1270,5.0,12.0,7.0,-2.5,15.0,12.5,6.1000000000000085,6.400000000000006,-18,-84,82,-55,4.299999999999997,0.07680025463983736,-0.8930466085638518,1.3473959418530743,5.076467369370576,3.5849753694581263,0.7503134796238247,2.6293103448275836,7.588669950738918,10.217980295566505,0.7118226600985222,0.05441957734452085,3.5061576354679787,0.04846910477807753,0.0498309668695065,0.03993437243642317,0.024483025431040417,2.842364532019708,2.801724137931039,3.259852216748768,0.03923240938166317,-0.007953191547636962,1,0.6123883981250273,-1.4667487684729057,-1.9679802955665018,1.3977832512315231,-0.009763585959043308,-0.00019598370713819202,-0.016399755362765334,0.005940599725472562,6.316502463054192,2.979064039408861,-0.8596059113300498,0.033532353757627864,-0.005712916931342793,2.318965517241381,-0.9470443349753683,0.06403940886699466,-0.6564039408867028,-0.054630635030314956,-1.8115763546798043,0.2672413793103452,-0.42733990147783185,-1.8214285714285712,-0.024916116693193685,-0.06280788177339902,-7.0
2026,R1X6,1314,1433,6.0,11.0,5.0,-2.200000000000003,3.6999999999999993,1.5,0.7999999999999972,-2.0999999999999943,-23,-14,11,14,-0.6000000000000085,-0.1569945461944022,5.045850701023118,-0.19660629584269884,-40.864306082741436,1.5862068965517242,0.4986752761651052,-0.7931034482758612,-1.655172413793096,-2.4482758620689538,-0.8275862068965507,0.020772293671748487,2.0,0.0037205356477558738,0.03320814977856612,-0.024747474747474685,0.014185888009997039,0.8620689655172455,1.2413793103448256,-1.1034482758620676,-0.056130619221027245,-0.064054737846649,0,2.885983833479342,0.1724137931034484,-0.2758620689655169,0.275862068965516,-0.009596157104021896,-0.021645410861615588,0.006015325670498117,-0.015885827737818048,3.9310344827586263,0.6896551724138007,1.2413793103448274,-0.016396511348051424,-0.10990631832769429,-5.586206896551722,-0.2413793103448274,-0.8965517241379306,-2.0689655172413772,-0.026478381472458734,-1.0689655172413772,-3.068965517241379,-2.0,-1.7241379310344822,-0.018371066074662698,0.034482758620689724,-5.0
2026,R1X7,1388,1401,7.0,10.0,3.0,-3.799999999999997,4.400000000000002,0.5999999999999943,-9.400000000000006,-0.8999999999999915,-22,-6,-139,7,-6.199999999999989,0.3769107248178747,-8.84072249589491,-0.34729345462321426,46.99188727625562,-3.2563218390804636,-0.3206362975341559,3.69310344827586,-13.928735632183901,-10.235632183908052,-0.2655172413793112,0.0995123961967107,2.547126436781614,-0.01794480627432571,-0.048645390417542234,0.023859684323167485,-0.003386392402410676,-6.608045977011493,-3.2597701149425298,-2.7954022988505756,0.06316655694535878,-0.009634516118116387,1,-6.552384717314814,-2.504597701149425,-0.12758620689655142,-4.416091954022988,-0.043380550520851324,-0.0606032028931589,-0.012937976978538601,-0.03344582850707223,-3.3862068965517196,-3.4367816091953998,-1.605747126436782,-0.02360312178255053,-0.09499877499554249,-6.725287356321839,-3.617241379310343,-1.1816091954022987,-3.7344827586206897,0.06218156330336927,0.759770114942528,-3.9482758620689644,-1.979310344827586,-0.11839080459770024,0.010422998852589502,0.21149425287356327,-3.0
2026,R1X8,1155,1234,8.0,9.0,1.0,-2.0,-3.1999999999999993,-5.200000000000003,-2.8000000000000114,-5.900000000000006,-10,40,-37,64,2.1000000000000014,-0.21270396457293642,2.9994316028798806,-5.8286414824826025,-3.7335728392015923,-2.206896551724139,-0.2896593428744205,-1.862068965517242,0.8965517241379359,-0.9655172413793167,0.10344827586206895,0.022152748696769642,4.482758620689655,-0.03514058136582898,-0.04223776256824496,-0.015213872105581006,-0.03571337903021066,1.9310344827586121,-1.034482758620694,0.3448275862068968,-0.0499338594848473,0.029928281289667458,0,-2.9003709301272647,-0.8620689655172438,0.5517241379310347,2.5862068965517295,-0.03926178066163177,-0.043683575703784616,-0.02027695351137493,-0.04125802219622032,5.241379310344833,0.137931034482758,0.8965517241379306,0.015481849046748541,-0.050774740275857266,-0.7586206896551708,0.6551724137931041,0.6206896551724137,-1.4827586206896584,-0.019545871670409887,0.2413793103448274,-1.4482758620689644,-0.3448275862068968,0.137931034482758,-0.0031196592393461925,0.03448275862068961,-1.0
2026,R1Y2,1235,1398,2.0,15.0,13.0,-19.5,34.199999999999996,14.700000000000003,-8.0,9.399999999999991,-208,-152,-72,-113,-2.3999999999999915,-0.5171379103817397,10.58210180623974,0.1505899752852411,-54.65282926632253,5.099616858237548,0.6701769944204263,13.96551724137931,-9.371647509578537,4.5938697318007655,-1.2107279693486586,0.01228282471890918,0.5862068965517189,0.07731988949134333,0.06237500059760681,0.07087325600941335,0.05072719381041291,-2.492975734355049,1.9118773946360186,2.933588761174968,-0.08844039983433505,0.008071816847747382,2,4.849372456670535,0.12899106002554284,-1.2375478927203067,-2.6321839080459775,-0.022666674931710096,-0.022073156748079414,-0.013806802190902911,-0.032329543810928896,-0.14942528735631555,-1.8633461047254158,1.0549169859514693,-0.019175046261099116,-0.15953228119330692,-8.920817369093232,-0.29629629629629584,0.05619412515964228,1.3435504469987212,0.014458155537615702,-0.5900383141762457,-3.0268199233716473,0.13409961685823735,-1.157088122605364,-0.008368293815631506,0.16091954022988508,-13.0
2026,R1Y3,1438,1460,3.0,14.0,11.0,-14.200000000000003,24.599999999999998,10.400000000000006,-8.0,3.799999999999997,-177,-90,-154,-34,-2.5,-0.4426318513837157,4.667487684729062,0.06742707962655636,-38.91029526421383,3.6206896551724146,0.39974518235387846,9.689655172413794,-7.758620689655174,1.9310344827586192,0.5862068965517242,0.010301798680540597,3.6551724137931103,0.0017319948884048086,0.013320298295481314,-0.008853754940711445,-0.019245838791863312,2.724137931034484,0.137931034482758,2.8965517241379306,-0.02668093645484937,-0.031806150524152865,0,3.3292226162611254,-0.48275862068965836,-0.5517241379310347,-0.10344827586207117,-0.07644172306548919,-0.09387437576852625,-0.02933907031359062,-0.07550682678801951,0.6551724137931032,-4.1379310344827545,-0.03448275862069039,0.012622912197601921,0.003324306748585304,0.413793103448274,0.8965517241379324,0.03448275862069039,-1.2413793103448274,0.06131988578797104,2.793103448275861,0.5862068965517224,0.1034482758620685,-0.10344827586206762,-0.004730873392010906,0.2413793103448275,-11.0
2026,R1Y4,1104,1220,4.0,13.0,9.0,-1.7999999999999972,16.2,14.400000000000006,8.200000000000003,8.400000000000006,-28,-86,186,-76,9.299999999999997,-0.34919625814916944,10.521693823417964,3.7243020741124333,-79.70489036115319,3.7697044334975356,0.4976842855292132,2.961822660098524,14.64039408866995,17.60221674876847,2.2561576354679804,-0.02493653748519209,3.3140394088669964,0.038940040386140184,0.0891193406786785,-0.012841280716304693,0.021408506772222724,7.6822660098522135,4.77586206896552,3.540640394088671,0.0063254341670346825,0.04953754980047703,1,5.673644484512026,0.8263546798029555,-0.6268472906403941,3.45073891625616,0.022104636873784278,0.03534197813374024,0.0028619137380466175,0.030765446871954094,11.056650246305423,6.513546798029555,0.25246305418719217,-0.023696397110987366,-0.017109413050179878,2.6761083743842384,2.6748768472906406,1.1785714285714288,0.6564039408867002,-0.027973348783314034,0.21059113300492704,1.1884236453201993,1.0049261083743843,-0.34113300492610854,-0.017668242707142096,0.11576354679802947,-9.0
2026,R1Y5,1403,1103,5.0,12.0,7.0,-6.200000000000003,12.399999999999999,6.200000000000003,2.200000000000003,-4.1000000000000085,-80,-42,47,33,-3.200000000000003,-0.15011815601455514,4.728376349066004,0.4763781116664543,-49.559455344129866,-2.3039591315453407,-0.02940115440115476,-2.431673052362708,-3.7560664112388196,-6.187739463601545,0.43933588761174924,0.017190869626102834,-0.1264367816091898,-0.021150153711255282,-0.053964178129423224,0.010972500171445299,-0.027995520716685318,-1.2286079182630942,-2.3384418901660275,0.6309067688378054,-0.06251205637462354,-0.016124495552409746,2,1.9907047483273903,-2.6615581098339725,-1.680715197956577,1.878671775223502,-0.020121990486030028,0.006338618209761282,-0.04019142721001062,0.0012844419432240795,-0.9578544061302665,-0.33844189016602755,-2.7126436781609202,-0.0335127201565556,0.011382185525214306,0.38441890166027903,-0.8569604086845448,-0.07918263090676891,-1.8135376756066393,0.0010223867442271106,0.9693486590038312,-0.14176245210727956,0.02171136653895278,-1.0881226053639868,-0.009440843824570097,-0.056194125159642394,-7.0
2026,R1Y7,1246,1365,7.0,10.0,3.0,-5.200000000000003,2.1000000000000014,-3.0999999999999943,0.7000000000000028,-3.200000000000003,-55,16,13,26,0.20000000000000284,-0.12312377649051837,2.8257799671592796,4.051287906116293,-10.281178335157755,-0.8011494252873561,0.21183455891102065,-2.0781609195402293,-0.48045977011493335,-2.5586206896551715,1.4114942528735632,0.026238758760294356,2.7954022988505756,-0.01133574007220206,-0.026707702784769083,0.0037512597827052407,-0.0033769984528105867,-4.288505747126443,-2.225287356321836,-1.6218390804597718,-0.022939566919847,0.1082248581743166,-1,6.145677575859448,-0.9011494252873575,-0.28045977011494205,0.09885057471264247,-0.034289032546945486,-0.03871581953773734,-0.016752565522670904,-0.03568759969775842,3.910344827586208,-0.33793103448276085,0.6505747126436789,0.009263436260402935,-0.040412223994626906,-0.8793103448275872,-0.03333333333333144,-0.2425287356321837,-2.972413793103449,-0.013703537435325264,-0.6126436781609161,-2.0390804597701155,-1.4885057471264362,-1.7333333333333325,-0.015900232491808997,-0.1114942528735633,-3.0
2026,R1Y8,1208,1387,8.0,9.0,1.0,3.0,2.1999999999999993,5.200000000000003,8.200000000000003,0.20000000000000284,38,-35,115,-2,1.5999999999999943,-0.11253279682495959,5.7952823039029955,2.815566768928033,-26.339898735546804,-3.6748768472906423,-0.14548134839742488,-6.976600985221676,8.415024630541879,1.438423645320185,2.166256157635468,-0.0824959897337183,-4.21551724137931,-0.06018637779364999,-0.012153434483531456,-0.08114035087719301,-0.03907971720314324,5.370689655172413,0.1798029556650249,-1.7672413793103434,0.013411757335383134,0.0235637051409483,1,5.4448348792062635,1.626847290640395,-0.3288177339901477,2.407635467980292,0.0587288068921854,0.05768732490501577,0.0400200657711387,0.0574968999401842,4.110837438423651,5.279556650246306,0.6477832512315267,-0.023461130378323758,-0.0732457033108514,-3.181034482758619,2.5431034482758594,-0.4679802955665018,1.4766009852216744,0.027620725746219266,2.386699507389162,-1.5800492610837438,0.9408866995073888,-1.3460591133004929,-0.024450951418734213,-0.20320197044334976,-1.0
2026,R1Z1,1112,1254,1.0,16.0,15.0,-19.599999999999994,41.7,22.10000000000001,-7.5,11.699999999999989,-183,-234,-65,-158,3.3000000000000114,-0.10060438883876771,2.3301714970235547,-1.0574088305754081,-14.784701846905737,3.5061179087875427,0.516719094793183,15.867630700778642,-2.8954393770856512,12.972191323692996,-1.9043381535038932,0.06633654115668508,6.515016685205779,0.017264977037761864,0.028042052493638336,-0.007256669470409982,0.02266086853219873,4.0789766407119,3.352614015572861,-0.2347052280311459,0.07013025954898622,0.0916197991077709,-2,-0.2470945672749938,-0.6473859844271423,-1.1846496106785311,-1.2992213570634057,-0.05091434613031348,-0.0736585186816413,-0.0063494742694877315,-0.05510286259383468,4.278086763070078,-1.5239154616240214,0.9833147942157954,0.022714587097811823,-0.05241674877483743,-1.8131256952169075,-0.7296996662958843,0.15684093437152402,0.0,0.05021944792022137,1.6751946607341477,-1.4727474972191317,0.07786429365962189,-1.4727474972191317,-0.027868728969216494,0.25361512791991114,-15.0
2026,R1Z2,1345,1474,2.0,15.0,13.0,-16.799999999999997,32.6,15.799999999999997,-9.399999999999991,5.400000000000006,-286,-76,-200,-22,-5.400000000000006,-0.0038874964702848014,-0.04780851332575686,-1.945340982199209,-9.907130688277825,3.8528735632183864,0.7557451649601818,11.212643678160918,-13.56896551724138,-2.356321839080465,-0.3287356321839079,0.05344065611853199,1.820689655172412,0.01147942662233925,-0.018346813967251907,0.02992755941194508,0.016076086321580196,0.20919540229885314,1.0701149425287362,-0.5195402298850578,-0.015986996106746254,-0.08248970759669527,-1,-2.3743933283519674,0.26896551724138007,-1.1229885057471263,-1.9908045977011462,-0.03265340292063901,-0.018593521001708857,-0.03302438302438304,-0.03582558881053205,-2.8229885057471265,-3.3942528735632145,-0.044827586206896086,-0.028521825396825462,-0.12955832873064532,-8.551724137931034,-1.610344827586208,-0.8793103448275863,0.5022988505747144,0.0497112048313299,1.2298850574712645,-4.932183908045975,0.2597701149425289,-1.4908045977011497,-0.014047227802043191,0.19195402298850572,-13.0
2026,R1Z3,1211,1244,3.0,14.0,11.0,-16.19999999999999,27.6,11.400000000000006,-14.600000000000009,9.5,-185,-114,-169,-111,-1.5,-0.1885547165693886,9.680066170388749,7.47768300748972,-66.7234017632598,4.3089330024813925,0.66923239884189,17.786600496277917,-12.74193548387096,5.044665012406952,-2.702233250620348,0.02366601378623756,2.073200992555833,0.05228529085693168,0.07931507184646636,-0.003489326765188816,0.07551727159473198,3.0645161290322562,6.1712158808933,-2.5148883374689817,0.00033972962208006496,-0.1279111409119828,5,9.483206172110147,-0.20471464019851204,-1.5769230769230766,-1.7456575682382152,-0.027237875497547803,-0.006856515491274029,-0.04017353883062663,-0.02695424528076451,-1.420595533498755,-2.1488833746898273,-0.22580645161290303,-0.03778809134539307,-0.16385812092316027,-10.088089330024815,-0.3424317617866004,-2.5905707196029777,1.8585607940446653,0.007919039969410291,-0.5074441687344944,-3.8002481389578158,1.8263027295285363,-1.6315136476426808,-0.017279922856495405,0.3263027295285359,-11.0
2026,R1Z4,1116,1218,4.0,13.0,9.0,0.3999999999999915,20.200000000000003,20.60000000000001,12.5,14.299999999999997,5,-205,193,-174,0.10000000000000853,-0.2610717174828675,3.5159151193633935,-1.3292582565226336,-60.014930409019236,3.838196286472151,0.8493010752688175,1.637931034482758,9.50132625994695,11.139257294429697,-1.1167108753315649,-0.07416553956139504,-3.4787798408488086,0.04030168477764573,0.01769615271526448,0.048485750311308085,0.043089672176056915,6.429708222811676,5.710875331564985,0.4880636604774544,0.014924341559614307,-0.06660350652908409,3,2.299332095333586,5.04376657824934,-0.6989389920424403,-0.6604774535808993,0.051550945475473564,0.0678198953236323,0.02222172988302018,0.03622836850266942,3.974801061007952,3.954907161803714,2.319628647214854,0.024691358024691246,-0.05079572804746507,-1.7732095490716162,2.0809018567639246,-1.7798408488063657,-1.8050397877984103,0.018529701982648417,0.5477453580901859,-1.1883289124668472,1.4681697612732085,-2.9867374005305045,-0.04075612608453129,-0.006631299734747964,-9.0
2026,R1Z5,1458,1219,5.0,12.0,7.0,-6.599999999999994,14.9,8.299999999999997,8.299999999999997,-2.299999999999997,-110,-55,150,18,-2.0,-0.023760563322452632,2.7475369458128096,0.2958104085232751,-14.426213432881369,0.3275862068965516,0.13817565343340554,-7.818965517241379,3.8916256157635445,-3.927339901477822,-0.6871921182266014,0.05055169682226124,2.1120689655172384,-0.010219424288065881,-0.027949595064760246,0.010886881468748888,-0.0271337305755176,0.9236453201970392,-1.2463054187192135,2.2389162561576352,0.033820505287896596,-0.10088103844166402,1,0.7335942477156969,0.05911330049261032,-1.1330049261083737,1.4901477832512349,0.004266254719228368,0.0008118126397695935,0.005568674831127496,0.0057280425037357086,3.668719211822676,1.9655172413793096,0.3214285714285712,0.023621727110099244,-0.04108923041384838,-1.1527093596059075,-1.3891625615763559,0.10467980295566459,-5.038177339901479,-0.03032711908702851,-0.75,-1.190886699507388,-4.64039408866995,-0.47906403940886655,-0.003094966918831002,-0.16748768472906395,-7.0
2026,R1Z7,1274,1281,7.0,10.0,3.0,-3.3999999999999915,5.299999999999999,1.9000000000000057,-6.700000000000003,2.5,-40,-17,-148,-20,0.8999999999999915,-0.3353558012377428,2.7142857142857135,-6.413604624456516,-19.19592738727667,1.7586206896551726,0.1877784434398999,7.0,-4.620689655172427,2.379310344827587,0.0344827586206895,0.05991259500988022,1.5517241379310356,0.003285496086043449,0.009620477453074483,-0.011126126126126124,0.013008475396998898,3.2413793103448327,2.3793103448275836,-0.7586206896551717,-0.012834304978473488,-0.055153030307222795,0,-2.299697550712569,0.6206896551724146,0.6896551724137927,0.10344827586207472,0.0028184113151432655,0.016370265171587683,-0.008216881381132024,0.010167029774872771,-1.2068965517241352,0.06896551724137723,-1.0344827586206886,-0.06648218609477685,-0.052737144240412204,-3.4482758620689644,-2.0344827586206895,0.6206896551724137,1.1034482758620712,0.017270555715770408,0.8275862068965534,-1.8965517241379306,0.6896551724137927,-0.13793103448275978,-0.0054658299065470095,0.10344827586206895,-3.0
2026,R1Z8,1437,1429,8.0,9.0,1.0,-1.0,-0.6999999999999993,-1.6999999999999886,1.6999999999999886,-4.5,-10,13,27,42,-1.7999999999999972,-0.09711793758261711,-0.3780788177339902,-1.9155011939417683,-36.23828947058871,-2.009852216748767,-0.09486346986346983,-5.621921182266011,0.47290640394088257,-5.1490147783251246,-0.6059113300492598,0.0022831720870862826,-0.11083743842364768,-0.03858288269373722,-0.056047497130749524,-0.0081538274309359,-0.04568577605529106,1.581280788177331,-1.9359605911330036,1.082512315270936,-0.014704498400150645,-0.05967168091879399,1,-1.1657429655552534,2.7192118226600996,-0.3509852216748772,2.3571428571428577,0.023875301266397364,0.03347288676236054,0.006529185100613677,0.029414405362998497,1.9544334975369537,2.5073891625615765,-0.36576354679802936,-0.027410105916481076,-0.10120763079946327,-5.027093596059114,-0.14778325123152847,-0.5591133004926112,-1.5800492610837438,-0.01589533236368923,0.37068965517241637,-2.8596059113300463,-1.5701970443349742,-0.6465517241379306,-0.0077721921256807824,-0.06280788177339902,-1.0
2026,X16,1250,1341,16.0,16.0,0.0,1.1999999999999886,0.29999999999999893,1.5,1.7000000000000028,1.2999999999999972,25,-20,45,-27,-6.200000000000003,0.10672701681296948,-0.9051724137931036,-2.5600590154211655,6.798547709532057,3.180371352785146,0.25192648226170844,1.8859416445623345,-6.34482758620689,-4.458885941644567,-1.7838196286472146,0.0177697165822851,0.3554376657824889,0.056869396809774764,0.055551699492187745,0.0381794878570863,0.03629228926537009,-3.988063660477458,0.33554376657824747,1.908488063660477,-0.02712090658638422,-0.12286040198946302,3,-3.488762749670755,-0.6989389920424411,-2.36737400530504,-2.159151193633953,-0.011631976577880287,-0.002840769375039076,-0.0190702399912131,-0.0053137251602699,0.2665782493368738,-0.1936339522546433,-0.7214854111405833,0.0036807359418472574,-0.12265091731027022,-7.201591511936336,-0.6697612732095504,1.8700265251989387,-0.7917771883289095,-0.03836708498201921,-2.208222811671088,-3.8315649867374013,-0.7931034482758621,0.4628647214854116,0.018510480176326394,0.10212201591511944,0.0
2026,Y11,1275,1374,11.0,11.0,0.0,3.700000000000003,-9.8,-6.1000000000000085,-4.599999999999994,1.9000000000000057,65,44,-118,-20,0.5999999999999943,0.34530978743566754,-4.58052292535051,-2.182835799073093,49.57567341292397,-2.140583554376656,-0.14429105550762156,4.322281167108755,-3.115384615384613,1.2068965517241423,-0.5915119363395229,0.02872841824261474,0.8090185676392601,0.02734485135461273,0.0541899258645584,-0.005673001637127195,0.01112892505796581,-3.9787798408488015,-1.330238726790455,1.3740053050397893,0.010364145658263269,0.07391716852952068,-3,-7.0131373688344425,-3.618037135278515,-0.15915119363395203,0.8846153846153832,-0.0068307672292864385,-0.009635787267041174,-0.004374879258162101,0.01006267251911852,-1.8992042440318286,-0.21220159151193485,-2.3355437665782492,0.008569522720466072,-0.0017421602787456858,-0.7188328912466844,-1.0358090185676403,-0.3952254641909816,0.3992042440318322,-0.0941680602006689,-3.507957559681696,-0.480106100795755,-0.04111405835543813,-0.44297082228116835,-0.0008877222225069925,0.3448275862068966,0.0
2026,Y16,1224,1420,16.0,16.0,0.0,-3.6000000000000085,-1.5000000000000002,-5.1000000000000085,-3.799999999999997,-4.599999999999994,-75,100,-29,88,2.799999999999997,-0.2491178748462025,1.4379487179487187,0.209407382448493,-23.506488980629108,3.196923076923076,-0.12100456621004563,1.1646153846153853,-1.0061538461538362,0.15846153846153754,2.1830769230769227,-0.06289510728471615,-3.112307692307695,-0.030746370820174396,-0.04340441437481035,-0.005661293749810226,-0.022139110330552103,0.21076923076923038,-1.1523076923076943,-0.9446153846153846,-0.015105428674537236,0.08714339931724752,-1,2.6998647875382993,-0.3815384615384616,2.5707692307692307,-3.144615384615385,-0.02605645706558496,-0.01676195960676241,-0.028806584362139898,-0.017779468109082708,-3.166153846153847,-2.372307692307693,-1.310769230769231,0.009223780549733607,0.14243295019157093,7.121538461538462,1.6184615384615384,0.3923076923076918,4.043076923076923,0.11253737737223157,3.4569230769230774,5.543076923076924,3.8323076923076917,3.2569230769230764,0.03310433069727289,-0.09230769230769231,0.0
2026,Z11,1301,1400,11.0,11.0,0.0,-1.4000000000000057,0.5,-0.9000000000000057,-2.299999999999997,-0.5,-26,7,-57,4,1.0,0.3461789700026477,-0.7820197044334982,8.155839250685874,-13.579095458336425,4.426108374384238,0.5218747215539516,1.4248768472906406,-0.28940886699507473,1.135467980295573,0.1379310344827589,-0.043668831168831135,-0.37315270935960854,0.007643624908311164,-0.024743401759530714,0.03696193277749732,-0.014325325576376224,3.951970443349751,1.0394088669950712,3.197044334975371,0.010538246144273011,-0.12408018180717928,1,4.197230862734116,0.6982758620689662,0.6206896551724137,4.6539408866995124,0.011580801538992547,0.02497081273882229,-0.01010079250530771,-0.00610315617411622,0.4285714285714306,-0.16256157635467616,2.1034482758620694,-0.04184995838782546,-0.030377843935053106,-1.5899014778325125,1.7721674876847269,-0.9236453201970445,2.279556650246306,-0.08868608778427373,-1.8817733990147776,-0.5431034482758612,2.155172413793103,-0.21428571428571352,-0.004463007364125096,0.04802955665024633,0.0
