Season,TeamName,Tempo,RankTempo,AdjTempo,RankAdjTempo,OE,RankOE,AdjOE,RankAdjOE,DE,RankDE,AdjDE,RankAdjDE,AdjEM,RankAdjEM,Seed
2026,Abilene Christian,68.9,153,67.8,149,98.3,341,101.1,312,106.6,126,107.6,139,-6.5,240,
2026,Air Force,67.4,225,66.3,238,91.3,363,95.6,352,118.7,352,115.5,301,-19.9,344,
2026,Akron,71.2,44,70.3,32,121.9,6,118.8,54,104.6,84,106,113,12.8,64,12
2026,Alabama,74.6,5,73.1,4,122,5,129,3,111,245,103.3,67,25.7,18,4
2026,Alabama A&M,67.3,231,65.3,292,105.7,237,104,269,109.4,206,116.7,315,-12.7,302,
2026,Alabama St.,71.3,43,69.5,71,100.2,323,99.2,336,109.1,197,113.6,266,-14.4,314,
2026,Albany,65.6,312,65.2,295,105.1,251,103.3,281,113.1,294,118.2,332,-14.9,319,
2026,Alcorn St.,69.4,120,67.2,185,96.2,354,96.3,349,114.5,319,116.5,313,-20.2,339,
2026,American,66.7,258,66.7,220,108.2,179,105.6,240,108.7,186,111.9,233,-6.3,235,
2026,Appalachian St.,64.1,353,63,359,107.6,193,105.8,232,104.8,88,108.2,147,-2.4,193,
2026,Arizona,71.4,37,69.8,54,120.1,16,127.7,5,96.1,5,90,3,37.7,2,1
2026,Arizona St.,70.6,73,69.2,77,108.1,181,115.8,78,110.8,238,103.2,66,12.6,63,
2026,Arkansas,72.4,19,71,20,122.6,3,127.7,6,109.1,200,101.6,48,26.1,13,4
2026,Arkansas Pine Bluff,71.2,45,68.9,94,104.1,269,104,268,114.4,315,117.3,326,-13.3,304,
2026,Arkansas St.,72.6,16,71.9,10,111.3,114,110.6,144,106.4,119,109.2,173,1.4,146,
2026,Army,67.3,234,67.1,195,103.1,287,100.1,321,115.2,327,118.5,335,-18.4,324,
2026,Auburn,69.2,135,67.2,191,118.5,32,124.8,15,114,308,105.8,107,19,35,
2026,Austin Peay,70.1,89,69.4,73,113.1,88,108,187,106.1,112,108.3,151,-0.3,166,
2026,Ball St.,65.3,321,63.7,342,100.1,327,98.6,339,108.3,174,109.9,191,-11.3,283,
2026,Baylor,69.6,111,67.8,152,116.4,49,122.9,25,111.8,265,106.9,128,16,45,
2026,Bellarmine,66.1,289,64.6,320,118.5,33,116.5,72,124.8,365,126.1,365,-9.6,264,
2026,Belmont,70,97,68.9,93,118.8,29,120.7,38,105.4,100,108.4,152,12.3,62,
2026,Bethune Cookman,70.9,58,69,88,103.9,274,103.6,276,107.6,151,110.2,196,-6.6,231,
2026,Binghamton,65.1,331,65.3,294,100.5,322,97.6,343,115.2,326,123.1,361,-25.5,336,
2026,Boise St.,66.6,266,65.7,272,113.5,83,117,67,107.2,139,103.8,74,13.2,55,
2026,Boston College,66.3,284,65.9,259,100,328,103.7,274,105,91,102.7,61,1,146,
2026,Boston University,63.4,361,63.1,355,114.5,68,111.8,123,114.2,311,119.8,347,-8,245,
2026,Bowling Green,70.2,88,68.3,125,109.2,153,107.2,206,102.7,55,105.7,106,1.5,136,
2026,Bradley,67.8,212,67.3,182,110,137,111.7,125,105.6,103,107.8,141,3.9,115,
2026,Brown,66.7,257,66.5,228,98.8,338,97.9,341,106.3,115,108.8,162,-10.9,270,
2026,Bryant,64.5,343,64.2,335,96.5,349,96.6,347,112.6,282,119.6,345,-23,326,
2026,Bucknell,67,248,66.9,207,99.5,333,98.2,340,112.5,277,114.8,291,-16.6,305,
2026,Buffalo,67.6,220,66.5,229,113.8,75,112.5,114,112.7,286,115.3,298,-2.8,184,
2026,Butler,70,92,68.7,107,111.3,116,116.1,75,109.4,208,106.6,123,9.5,77,
2026,BYU,70.4,78,69.9,46,118.6,30,125.5,10,106.7,129,102.2,57,23.3,19,6
2026,Cal Baptist,67.4,223,65.8,265,107,208,107.9,191,99.1,22,101.9,50,6,95,13
2026,Cal Poly,76.1,1,74,1,106.4,220,109.4,164,112,271,113.1,255,-3.7,193,
2026,Cal St. Bakersfield,72.6,14,70.1,40,99.3,336,101.9,303,114.7,320,117.2,320,-15.3,295,
2026,Cal St. Fullerton,75.5,2,72.8,5,106.6,216,109.4,166,109,195,109,167,0.4,152,
2026,California,69.3,129,68,137,110.6,128,114.1,93,104.9,89,102.6,59,11.5,63,
2026,Campbell,70,94,69.7,58,108.5,173,111.2,132,112.6,280,112.6,251,-1.4,162,
2026,Canisius,64.3,349,64.2,336,96.3,352,95.3,356,110.3,228,114.5,284,-19.2,305,
2026,Central Arkansas,68.9,156,67.9,142,113.4,84,110.2,151,108.1,167,108.9,163,1.3,136,
2026,Central Connecticut,65.2,328,65,305,107.7,190,104.7,259,109.8,216,117.4,327,-12.7,274,
2026,Central Michigan,68.3,186,67.1,193,104.9,252,105.9,230,113.9,307,115,293,-9.1,242,
2026,Charleston,68.3,189,67.6,166,109.2,152,108,186,107.4,144,108.2,149,-0.2,153,
2026,Charleston Southern,73.3,10,71.5,13,107.6,192,105.7,236,107.5,145,112.2,242,-6.5,214,
2026,Charlotte,64.4,347,63.4,347,111.6,109,113,107,113.3,298,114.5,285,-1.5,161,
2026,Chattanooga,67.6,218,67.2,188,109.8,141,105.4,246,115.7,332,117.6,328,-12.2,265,
2026,Chicago St.,65.8,306,65.3,293,99,337,99.4,333,115.5,330,119,340,-19.6,299,
2026,Cincinnati,69.2,139,67.5,175,105.2,247,111.2,131,98.1,15,93.7,8,17.5,39,
2026,Clemson,65.5,318,64.2,333,112.3,99,116.5,71,101.1,37,97.3,20,19.2,32,8
2026,Cleveland St.,71.4,38,69.7,59,110.1,136,109.4,165,124.4,364,124,362,-14.6,278,
2026,Coastal Carolina,68.3,182,66.8,211,102.7,295,101.8,305,105.3,97,108.6,158,-6.8,215,
2026,Colgate,66.9,250,66.8,209,110.2,131,107.7,195,111.5,257,114.7,289,-7,215,
2026,Colorado,70.1,90,68.7,106,113.1,87,118.9,53,112.7,285,106.8,126,12.1,58,
2026,Colorado St.,64.4,348,63,358,116.7,48,118.9,52,111.6,260,109.4,183,9.5,72,
2026,Columbia,67.1,238,66.7,219,110.2,134,108.5,182,108.6,182,110.5,204,-2,164,
2026,Connecticut,66.1,293,64.4,322,116.3,50,122,30,97.7,11,94.1,11,27.9,10,2
2026,Coppin St.,69.1,145,68,136,92.8,362,92.1,360,116.5,340,119.7,346,-27.6,304,
2026,Cornell,71.3,41,71.2,18,119.5,21,119.8,47,117.6,345,119.3,342,0.5,140,
2026,Creighton,68.6,171,67.5,170,109.2,157,116.2,74,109.3,205,105.2,97,11,61,
2026,CSUN,75.3,3,73.5,2,106.7,214,108.9,175,107.5,146,109.3,177,-0.4,147,
2026,Dartmouth,69.2,138,69.5,69,105.2,245,104.7,257,112.6,283,114.1,275,-9.4,231,
2026,Davidson,63.9,356,63.6,343,107.5,195,109.6,161,104.7,87,104.7,89,4.9,95,
2026,Dayton,68.1,196,66.9,204,108.4,175,110.6,145,101.4,39,99.7,32,10.9,61,
2026,Delaware,64,354,63.1,354,103.9,275,104.4,262,113.6,303,115.7,303,-11.3,245,
2026,Delaware St.,66,296,65.3,291,89.8,365,87.1,365,107.2,140,114.3,282,-27.2,296,
2026,Denver,69.4,122,67.9,144,116.1,51,116,76,121,360,122,359,-6,197,
2026,DePaul,67.7,214,66.2,241,103.7,279,107.1,209,102.8,62,100.3,34,6.8,83,
2026,Detroit Mercy,69.8,103,68.8,100,109.4,150,107.9,190,112.6,281,112.1,238,-4.2,179,
2026,Drake,67.8,211,67.2,186,108,185,109.9,155,111.7,263,112.6,249,-2.7,162,
2026,Drexel,65.2,326,64.2,334,103.2,283,102.4,296,103.3,67,107.1,130,-4.7,182,
2026,Duke,67.1,239,65.3,287,122.5,4,128,4,94.3,2,89.1,2,38.9,1,1
2026,Duquesne,69.3,127,68.6,113,109.1,160,110.7,140,107.8,162,107.3,135,3.4,103,
2026,East Carolina,69.2,140,68.6,110,102.3,302,103.6,275,110.9,241,111,214,-7.4,203,
2026,East Tennessee St.,66.5,270,66,253,114.7,65,109.7,159,105,90,109.2,174,0.5,134,
2026,East Texas A&M,68.5,173,68.2,132,98.4,340,100.7,317,110.7,234,111.5,222,-10.8,233,
2026,Eastern Illinois,66.2,286,65.6,274,96.5,350,96.9,346,108,164,111.7,229,-14.8,256,
2026,Eastern Kentucky,68.7,164,67.3,181,111.4,113,109.1,172,119.1,355,120.8,350,-11.7,238,
2026,Eastern Michigan,68.4,179,66.5,227,101.9,305,101.9,304,107.8,160,108.3,150,-6.4,193,
2026,Eastern Washington,68.9,155,67.6,161,112,105,113.1,106,113.7,305,113.1,256,0,138,
2026,Elon,68,201,66.8,212,111.1,120,110.1,152,114.4,316,115.8,304,-5.7,185,
2026,Evansville,67.4,224,67,200,96.7,347,101.9,302,115.5,329,114.8,290,-12.9,241,
2026,Fairfield,67.1,241,66.9,202,108.4,176,105.8,234,107,136,113.9,272,-8.1,207,
2026,Fairleigh Dickinson,64.2,351,63.8,340,101.3,312,100.8,315,112.4,275,118.4,334,-17.6,260,
2026,FIU,71.5,31,71.5,12,107.5,197,107.4,202,109.1,198,109.6,187,-2.2,154,
2026,Florida,72.5,17,70.5,28,119.8,18,125.5,9,99.5,24,91.7,6,33.8,2,1
2026,Florida A&M,70.3,81,68.2,127,99.3,335,97.9,342,105.8,108,110.9,211,-13,239,
2026,Florida Atlantic,70.2,85,69.6,63,108.6,170,109.7,158,106.2,113,106.4,118,3.3,103,
2026,Florida Gulf Coast,69.1,144,67.5,171,109.6,148,105.5,242,111.4,255,112.2,239,-6.7,190,
2026,Florida St.,71.8,28,70.4,30,112.2,103,118.4,56,108.6,183,104.9,93,13.5,45,
2026,Fordham,64.5,341,64.4,326,104.2,267,104.6,261,102.4,51,104.1,79,0.5,131,
2026,Fresno St.,69.4,125,68.2,131,104.4,265,107.4,201,106.1,111,104.3,84,3.1,103,
2026,Furman,66.5,275,65.9,263,111.7,108,107.5,200,107.2,141,109.4,181,-1.9,146,15
2026,Gardner Webb,70.8,63,69.2,80,93.5,360,95.5,353,122.2,361,122,358,-26.5,268,
2026,George Mason,64.8,334,63.3,350,112.3,100,113.1,105,104.4,80,105.6,103,7.5,73,
2026,George Washington,70,95,69.1,83,115.9,52,117.6,59,106.3,116,108,143,9.6,64,
2026,Georgetown,67.1,243,66.2,245,108.5,172,114.6,87,107.7,153,103.7,73,10.9,58,
2026,Georgia,73.5,9,71.4,16,120.5,13,124.7,16,106.9,135,104.2,80,20.5,25,8
2026,Georgia Southern,71.1,49,70,42,111.3,115,110.2,150,111.9,269,116.2,310,-6,177,
2026,Georgia St.,68.8,160,67.8,148,99.4,334,99.3,335,109.3,203,112.3,244,-13,228,
2026,Georgia Tech,71.6,30,70.6,25,102.8,294,107.7,197,108,166,107.1,132,0.6,125,
2026,Gonzaga,70.4,79,68.6,111,120.5,12,122,29,93.6,1,93.9,9,28.1,7,3
2026,Grambling St.,69.3,126,67.6,168,99.7,331,96.9,345,102.7,56,108.6,160,-11.7,218,
2026,Grand Canyon,69,150,68,141,109.2,156,111,134,99.2,23,97.8,23,13.2,46,
2026,Green Bay,64.7,336,62.9,361,113.6,78,112.5,113,116.4,338,116,308,-3.5,154,
2026,Hampton,66,298,65.3,290,101.9,306,102.5,295,108.3,173,111.6,226,-9.1,196,
2026,Harvard,63.9,357,63,360,108,186,106.6,218,103.7,71,105.3,100,1.3,115,
2026,Hawaii,72.3,22,69.7,61,108.3,177,107.1,211,96.6,7,101.2,43,5.9,79,13
2026,High Point,70.9,56,69.9,49,121.2,10,117,66,100.3,31,108.6,161,8.4,64,12
2026,Hofstra,65.3,323,64.7,317,113.6,81,114.6,89,102.8,59,105.1,95,9.5,61,13
2026,Holy Cross,65.8,304,65.5,278,103.1,284,100.8,314,113.6,302,117.2,323,-16.4,230,
2026,Houston,64.9,332,63.3,352,118.5,31,124.9,14,96.5,6,91.4,5,33.5,2,2
2026,Houston Christian,64.4,345,64.4,325,102.7,296,102.9,288,112.3,274,114,274,-11.1,207,
2026,Howard,69.2,137,69,89,108.2,180,103.1,283,97.7,12,106.3,117,-3.2,145,16
2026,Idaho,69.2,130,67.7,156,110.4,130,108.8,176,106.8,132,107.3,136,1.5,106,15
2026,Idaho St.,67,244,65.5,281,109.3,151,109.5,163,115.6,331,116.6,314,-7.1,172,
2026,Illinois,66.2,285,65.5,277,125.5,1,131.2,2,103.7,72,99.1,28,32.1,3,3
2026,Illinois Chicago,67,247,66.3,231,108.8,167,110.4,149,104.1,78,104.3,83,6.1,72,
2026,Illinois St.,67.6,216,66.7,221,109.9,139,110.5,146,102.1,47,103.9,75,6.6,70,
2026,Incarnate Word,65.4,320,65.5,283,107.5,194,108.8,177,114.8,323,117.3,325,-8.5,181,
2026,Indiana,66.6,261,66.1,250,115.7,55,120.3,42,107.6,150,103.2,65,17.1,32,
2026,Indiana St.,68.3,183,68,138,103.3,282,106.2,224,107.7,152,109.1,171,-2.9,135,
2026,Iona,68.5,174,68.7,103,106.2,225,104,270,105,93,111.7,228,-7.7,173,
2026,Iowa,63.4,363,63,357,118.2,35,121.7,31,103.9,74,99.3,30,22.4,15,9
2026,Iowa St.,68.2,191,66.5,225,119.6,20,123.8,21,96,4,91.4,4,32.4,2,2
2026,IU Indy,75,4,73.2,3,107.4,198,105.4,244,118.5,351,119.3,343,-13.9,208,
2026,Jackson St.,71.1,50,69.4,72,98,342,100,324,116.5,341,118.8,339,-18.8,222,
2026,Jacksonville,65.2,329,63.3,349,105.8,234,103,285,114,309,114.5,286,-11.5,195,
2026,Jacksonville St.,65.8,305,65.3,288,105.7,239,105.1,253,106.6,127,108.5,157,-3.4,139,
2026,James Madison,67,246,66,256,110.6,126,109.1,170,110,219,113,254,-3.9,140,
2026,Kansas,68.2,190,67.6,164,109.8,142,118.3,57,100.8,34,93.9,10,24.4,11,4
2026,Kansas City,71.4,33,69.8,56,93.4,361,92,361,118.1,349,117.1,318,-25.1,229,
2026,Kansas St.,73.8,7,72.6,6,107.7,191,113.2,103,111.1,247,106.3,116,6.9,65,
2026,Kennesaw St.,71.9,27,71.2,19,111,123,110.6,143,108.2,170,110.1,194,0.5,109,14
2026,Kent St.,72.1,24,70.2,35,112.9,90,111.8,121,109.7,212,110.3,199,1.5,98,
2026,Kentucky,69.8,100,68.3,124,115.8,53,120.5,39,105.8,107,99,27,21.5,15,7
2026,La Salle,66.4,280,65.8,266,100.8,318,105.7,238,112.7,284,111.5,224,-5.8,150,
2026,Lafayette,66.9,249,66.7,215,102.9,291,100.7,316,112.1,272,115.9,306,-15.2,202,
2026,Lamar,65.8,303,65.6,275,103.5,280,103.1,284,106.4,121,109.4,178,-6.3,152,
2026,Le Moyne,69.2,136,69.5,70,104.9,253,102,301,106.5,125,113.8,270,-11.8,187,
2026,Lehigh,66.6,265,66.9,205,105.1,249,102.7,290,108.4,175,113.1,257,-10.4,180,16
2026,Liberty,64.6,338,63.9,339,116.9,47,117.6,58,110.6,231,113.7,268,3.9,80,
2026,Lindenwood,73,11,72.4,8,101.8,307,100.5,319,102.8,58,109,165,-8.5,166,
2026,Lipscomb,70.5,75,69.3,74,110.2,135,106.9,214,108.8,188,109.7,188,-2.8,126,
2026,Little Rock,67.6,217,66.6,223,102.1,304,102.7,289,109.8,215,115.7,302,-13,189,
2026,LIU,68.1,193,67.8,154,108.4,174,105.6,239,103.6,70,109.6,186,-4,134,16
2026,Long Beach St.,70.9,59,68.5,117,102.2,303,105.6,241,110.2,224,111.3,218,-5.7,146,
2026,Longwood,69.4,121,68.4,122,106.1,226,103.4,278,106.9,134,112.6,248,-9.2,165,
2026,Louisiana,64.1,352,63.2,353,99.5,332,100.1,322,110,218,113.4,260,-13.3,188,
2026,Louisiana Monroe,70.7,66,70.1,39,100.5,321,101.2,311,119.7,358,122.2,360,-21,206,
2026,Louisiana Tech,64.7,337,64.3,332,103.8,277,102.9,287,103.9,75,105.8,110,-2.9,126,
2026,Louisville,71,55,69.6,62,119.1,25,124.1,19,102.1,46,98.6,25,25.5,9,6
2026,Loyola Chicago,65.9,301,65.5,276,101.2,314,103.3,280,114.8,322,113.5,264,-10.2,168,
2026,Loyola Marymount,68.1,194,66.9,201,105.1,250,106.5,222,105.3,99,105.8,108,0.7,104,
2026,Loyola MD,68.1,192,68.2,129,106.3,224,104.2,266,113.4,300,119,341,-14.8,186,
2026,LSU,68.7,163,66.6,224,115.5,56,119.8,48,111.7,262,106.6,122,13.2,38,
2026,Maine,64.9,333,64.7,316,94.6,358,91.6,363,105.6,102,111.9,235,-20.3,196,
2026,Manhattan,68.1,195,67.8,146,105.2,246,104.4,263,115.2,328,120.8,351,-16.4,187,
2026,Marist,66.5,274,66.3,235,103.1,285,99.6,328,95.9,3,102.6,58,-3,124,
2026,Marquette,70.1,91,68.9,97,106.1,228,111.8,120,106.8,133,102.2,56,9.6,51,
2026,Marshall,70.7,68,69.3,75,114,72,112,118,111.6,261,115.2,297,-3.2,124,
2026,Maryland,66.7,259,66.1,247,104,272,111.1,133,114.7,321,106.9,127,4.2,73,
2026,Maryland Eastern Shore,64.4,344,63.1,356,95.2,356,94.6,358,108.9,192,115.5,300,-20.9,193,
2026,Massachusetts,71.2,47,69.9,48,109.9,140,108.7,178,108.5,178,111.3,216,-2.6,119,
2026,McNeese,66.5,277,66.2,246,114.8,64,114.3,91,99.8,27,101.8,49,12.5,41,12
2026,Memphis,71.4,36,70.2,37,104.5,263,107.2,208,106.5,124,104.7,88,2.5,80,
2026,Mercer,69.5,117,68.9,92,115.4,59,111.8,122,111.7,264,113.7,269,-1.9,114,
2026,Mercyhurst,64.6,339,64.8,313,103.7,278,101.2,309,104.6,85,111.9,231,-10.7,163,
2026,Merrimack,63.8,359,63.4,348,106.6,218,106.5,220,103.1,64,107.4,137,-0.9,106,
2026,Miami FL,69.3,128,67.6,169,118,38,121.4,33,103.1,65,100.7,38,20.7,15,7
2026,Miami OH,71.3,42,69.9,44,120,17,116.8,70,105,92,108.5,156,8.3,52,11
2026,Michigan,71.3,39,70.9,22,121.1,11,126.6,8,97.3,10,89,1,37.6,1,1
2026,Michigan St.,66.8,253,66,252,117.2,42,123,24,101.4,40,94.7,13,28.3,2,3
2026,Middle Tennessee,66.6,262,65.8,268,107.9,189,109.1,171,109.3,202,109.8,189,-0.7,101,
2026,Milwaukee,69.1,143,67.3,180,108.2,178,106.5,221,115.7,333,115.3,299,-8.8,145,
2026,Minnesota,63,365,62.5,362,110,138,114.6,88,108,165,103.7,72,10.9,42,
2026,Mississippi,68.3,187,66.3,234,109.2,154,114.1,92,109.3,204,101.4,46,12.7,36,
2026,Mississippi St.,71.5,32,69.6,64,107.4,200,112.7,109,112.9,290,105.7,105,7,52,
2026,Mississippi Valley St.,69.7,106,67,199,90.6,364,90.3,364,119.2,356,121.7,356,-31.4,185,
2026,Missouri,68.4,180,66.2,244,115.5,58,119.5,50,109.8,213,104.1,78,15.4,28,10
2026,Missouri St.,66.3,283,65.5,284,108.7,169,108.9,174,110.3,226,112.1,237,-3.2,108,
2026,Monmouth,67.2,237,67.1,196,105.8,232,106.1,227,104.4,81,107,129,-0.9,97,
2026,Montana,71.1,51,69.6,66,106.8,212,106.7,217,109.1,199,108.5,154,-1.8,100,
2026,Montana St.,67.4,226,65.8,264,111.4,112,111,135,108.1,169,108,144,3,71,
2026,Morehead St.,66.8,251,65.3,289,107,207,106.9,215,111.8,266,117.2,321,-10.3,143,
2026,Morgan St.,70.7,64,70.7,24,100.8,316,99.4,334,113,292,121.2,353,-21.8,173,
2026,Mount St. Mary's,67.7,215,67.5,173,100.1,326,99.4,332,104.3,79,109,169,-9.6,140,
2026,Murray St.,72.3,23,71.5,14,115.2,60,116.3,73,110.6,232,112.2,240,4.1,65,
2026,N.C. State,69.6,114,69.1,86,119,26,124.1,20,108.9,193,104.5,86,19.6,15,11
2026,Navy,65.2,327,65.1,300,112.6,94,107.4,203,98.5,18,105.5,102,1.9,75,
2026,Nebraska,67.3,232,66.7,218,113.8,74,118.5,55,97.8,13,92.4,7,26.1,4,4
2026,Nebraska Omaha,68.6,166,67,198,107.3,201,106.1,225,112.8,287,114.1,278,-8,130,
2026,Nevada,66.8,252,66.1,249,112.4,96,115.7,79,105.5,101,104.4,85,11.3,37,
2026,New Hampshire,67.2,236,67.4,177,96.5,348,95.3,355,110.8,237,116,307,-20.7,164,
2026,New Haven,63.5,360,63.3,351,96.8,346,96.1,350,106.2,114,112.2,241,-16.1,154,
2026,New Mexico,70.5,77,69.8,57,114,71,117.1,64,101.8,42,101.3,44,15.8,24,
2026,New Mexico St.,67.3,235,66.9,203,108.9,164,108.7,179,108.5,177,110.3,200,-1.6,91,
2026,New Orleans,69.6,110,69.7,60,106.3,223,109.7,157,111,242,111.9,234,-2.2,95,
2026,Niagara,63.1,364,62.1,365,100.2,325,99.6,327,113.1,293,118.1,331,-18.5,155,
2026,Nicholls,68.3,184,68.2,130,104.1,268,105.8,235,110.5,230,112,236,-6.2,113,
2026,NJIT,67.9,209,67.8,150,97.6,343,96.5,348,108.3,172,113.4,262,-16.9,150,
2026,Norfolk St.,69.1,142,68.2,128,103.4,281,101.4,308,107.8,161,116.7,316,-15.3,149,
2026,North Alabama,65.6,315,64.8,312,102.6,298,99.5,329,117.9,348,118.8,338,-19.3,154,
2026,North Carolina,68.8,161,67.9,143,115.7,54,121.4,32,104,77,100.5,37,20.9,11,6
2026,North Carolina A&T,69.1,141,68.5,118,106.4,221,105.2,251,113.3,297,116.2,309,-11,136,
2026,North Carolina Central,66.7,260,65.7,270,101.3,311,100.1,323,115,325,121.2,354,-21.1,153,
2026,North Dakota,69.2,131,67.2,189,106.7,215,106.8,216,114.3,314,116.3,311,-9.5,128,
2026,North Dakota St.,68,198,66.3,237,114.6,67,111.7,124,102.6,54,106.6,124,5.1,53,14
2026,North Florida,72,25,70.4,31,106.7,213,106.9,213,123.6,363,124.4,363,-17.5,147,
2026,North Texas,66,295,65,306,102.6,299,103.4,279,100.9,35,100.9,39,2.5,64,
2026,Northeastern,69.7,109,69.6,67,107.1,206,107.5,199,115.9,335,118.1,330,-10.6,131,
2026,Northern Arizona,65.5,317,63.8,341,104,271,105.1,254,118.9,353,119.6,344,-14.5,141,
2026,Northern Colorado,70,93,68.7,105,113.6,82,112.3,115,109.6,211,110.4,201,1.9,69,
2026,Northern Illinois,69,151,67.4,178,96.3,351,97,344,114.1,310,114.3,281,-17.3,141,
2026,Northern Iowa,63.4,362,62.3,363,108.1,183,110,153,97.1,9,98.2,24,11.8,32,12
2026,Northern Kentucky,70.9,60,70.2,38,113.6,80,109.5,162,110.2,225,110.1,195,-0.6,83,
2026,Northwestern,65.3,322,65,304,111.5,111,117.5,60,110.1,221,104.1,77,13.4,27,
2026,Northwestern St.,65.2,330,64.7,315,101.1,315,102.2,297,111.5,258,112.5,246,-10.3,124,
2026,Notre Dame,66.7,256,65.9,261,109.7,145,115.5,80,110.9,239,106.6,125,8.9,37,
2026,Oakland,71.1,48,69.8,53,114.6,66,115.2,82,116.5,339,115,295,0.2,78,
2026,Ohio,70.3,80,68.8,99,108,184,107.9,192,112.5,278,113.5,263,-5.6,102,
2026,Ohio St.,66.6,263,66.1,251,118.3,34,124.3,17,108.3,171,102.1,54,22.2,9,8
2026,Oklahoma,68.4,177,66.2,240,120.3,14,124.2,18,111.9,270,105.8,109,18.4,15,
2026,Oklahoma St.,74.1,6,72,9,112.4,97,120.1,45,111.1,246,107.5,138,12.6,28,
2026,Old Dominion,70.3,83,68.9,91,107.2,205,106,229,110.9,240,113,253,-7,103,
2026,Oral Roberts,69.2,133,67.7,157,103,288,102,300,114.5,318,114.9,292,-12.9,126,
2026,Oregon,66.5,273,65.9,262,105.8,233,111.6,128,111.2,248,104.6,87,7,40,
2026,Oregon St.,66.2,288,65.1,299,105.9,231,109.2,167,110.6,233,109.8,190,-0.6,76,
2026,Pacific,65.8,302,64.3,331,107.9,187,110.7,142,105.7,105,105.3,99,5.4,45,
2026,Penn,68.8,158,69,87,107.4,199,107.4,204,105.7,106,105.9,111,1.5,63,14
2026,Penn St.,67.5,222,67.4,176,109.5,149,114,94,117.7,346,111.9,230,2.1,59,
2026,Pepperdine,69.4,119,68.6,112,100.2,324,105.2,250,113.8,306,113.4,261,-8.2,106,
2026,Pittsburgh,64.6,340,63.5,344,108.1,182,113.7,98,110.7,236,106.1,115,7.6,36,
2026,Portland,69.7,105,68.4,121,102.3,301,106,228,111.4,254,108.9,164,-2.9,78,
2026,Portland St.,69,149,68,140,106.1,227,103.5,277,102,45,102,52,1.5,61,
2026,Prairie View A&M,72.8,13,70.9,23,103.8,276,101.2,310,106.7,130,111.9,232,-10.7,110,16
2026,Presbyterian,66.1,292,64.1,338,104.5,264,103.2,282,109,196,112.2,243,-9,104,
2026,Princeton,64.5,342,63.5,345,104.1,270,105.4,245,111.3,253,112.6,250,-7.2,95,
2026,Providence,72.4,20,71.2,17,115,62,121.1,36,112.9,291,109.3,176,11.8,28,
2026,Purdue,65.3,325,64.4,324,124.7,2,131.6,1,107.4,143,100.4,36,31.2,1,2
2026,Purdue Fort Wayne,69,147,67.6,162,107.3,203,105.3,247,114.2,313,113.2,258,-7.9,99,
2026,Queens,70.7,65,69.6,65,119.3,24,115.8,77,116.8,343,117.2,322,-1.4,69,15
2026,Quinnipiac,69.8,101,69.9,50,105.3,244,104.2,267,102.8,61,108.4,153,-4.2,78,
2026,Radford,72.4,18,70.6,26,108.9,163,106.3,223,109.8,214,113.9,273,-7.6,95,
2026,Rhode Island,66,297,65.7,273,104.9,254,105.8,233,102.5,52,103.4,69,2.4,53,
2026,Rice,66.7,254,65.5,279,106.4,219,108.6,180,113.2,296,113.8,271,-5.2,83,
2026,Richmond,68.5,175,67.6,165,111.1,119,111.3,130,108.8,187,110.5,206,0.8,64,
2026,Rider,65.7,309,65.8,267,95.3,355,95.7,351,116.6,342,120.1,349,-24.4,114,
2026,Robert Morris,66.1,290,64.4,323,114.1,70,110.8,139,108.6,180,109.1,170,1.7,56,
2026,Rutgers,66.5,268,66.8,210,104.8,257,110.5,148,111.9,267,106.5,121,4,48,
2026,Sacramento St.,72.3,21,71.6,11,104.3,266,105.9,231,114.8,324,114.2,279,-8.3,91,
2026,Sacred Heart,68.4,181,68.4,123,107.9,188,107.2,207,112.8,288,118.7,336,-11.5,96,
2026,Saint Francis,70,96,69.9,45,99.8,330,99.5,330,117.9,347,121.8,357,-22.3,108,
2026,Saint Joseph's,68,199,68,135,105.4,242,107.3,205,102.7,57,102.7,63,4.6,42,
2026,Saint Louis,71.9,26,71,21,120.3,15,119.5,51,98.7,20,101.2,42,18.3,14,9
2026,Saint Mary's,66.4,282,65.2,297,117.2,43,120.3,43,98.3,17,97.2,19,23.1,7,7
2026,Saint Peter's,65.5,316,65.5,280,104.8,255,103,286,104.6,83,110.5,205,-7.5,85,
2026,Sam Houston St.,70.5,76,70,41,113.7,77,113.5,102,107.7,155,107.9,142,5.6,39,
2026,Samford,68.4,176,67.2,184,112.5,95,109.6,160,111.2,249,113.6,265,-4,69,
2026,San Diego,68.8,159,68,139,104.7,259,108.2,184,113.1,295,113.2,259,-5,73,
2026,San Diego St.,69.2,134,68.7,102,108.8,166,113.2,104,100.7,33,96.9,18,16.3,17,
2026,San Francisco,66.7,255,65.9,260,110.2,132,113.6,100,109.9,217,109.4,180,4.2,42,
2026,San Jose St.,65.8,307,65.1,298,107.2,204,112.1,116,120.4,359,117.1,319,-5,71,
2026,Santa Clara,69.6,115,69.2,82,119,27,123.6,23,105.1,94,104.2,82,19.4,10,10
2026,Seattle,68.6,167,67.6,167,101.2,313,102.2,298,98.8,21,97.7,21,4.5,39,
2026,Seton Hall,66.5,278,65.1,302,105.7,236,110.5,147,98.3,16,94.8,14,15.7,16,
2026,Siena,64.3,350,64.6,319,109.7,143,107.1,210,101.8,43,109.2,175,-2.1,59,16
2026,SIUE,65.6,313,64.3,329,102.5,300,99.5,331,99.6,26,107.1,131,-7.6,75,
2026,SMU,70.7,67,68.5,115,118.1,37,122.9,26,109.6,210,104.8,91,18.1,12,11
2026,South Alabama,65.7,308,64.6,321,108.9,165,107,212,105.7,104,110.2,197,-3.2,59,
2026,South Carolina,68,202,66.3,232,109.1,161,112.5,112,111.2,252,105,94,7.5,28,
2026,South Carolina St.,70.3,84,68.7,109,96.3,353,95.2,357,114.4,317,118.8,337,-23.6,90,
2026,South Dakota,71.4,35,69.8,52,107.3,202,104.3,264,112.8,289,114.6,287,-10.3,76,
2026,South Dakota St.,67.9,208,66.8,214,109.2,155,108,189,109.4,209,112.3,245,-4.3,61,
2026,South Florida,72.9,12,71.5,15,117.1,44,117.3,61,102.2,49,100.9,40,16.4,14,11
2026,Southeast Missouri,69.9,98,68.9,96,104.5,261,102.2,299,102.8,60,108,145,-5.8,64,
2026,Southeastern Louisiana,65.6,311,65.5,285,98.5,339,99.7,325,108.4,176,110.2,198,-10.5,73,
2026,Southern,71.4,34,69.9,47,105.4,243,104.6,260,111,243,114.4,283,-9.8,72,
2026,Southern Illinois,69.7,104,68.9,95,102.9,290,103.8,273,99.6,25,99.2,29,4.6,33,
2026,Southern Indiana,68.5,172,67.5,172,97.1,344,95.5,354,107.7,157,114.1,277,-18.6,80,
2026,Southern Miss,69.6,112,69.3,76,105.6,240,105.2,249,106.7,128,109.4,179,-4.2,58,
2026,Southern Utah,70.8,61,70.2,34,101.5,309,106.5,219,113.7,304,113.7,267,-7.2,65,
2026,St. Bonaventure,67.5,221,67.3,183,111.9,106,113.7,99,110.7,235,111.5,223,2.2,40,
2026,St. John's,71,54,69.6,68,114.3,69,120.1,44,98.6,19,94.2,12,25.9,4,5
2026,St. Thomas,69.7,107,68.2,126,117.4,41,114,95,105.2,96,108.1,146,5.9,29,
2026,Stanford,67.9,204,66.7,216,111.5,110,117.1,65,107.2,137,103.7,71,13.4,16,
2026,Stephen F. Austin,66.1,294,65.7,269,113,89,112.6,110,99.9,29,104.2,81,8.4,24,
2026,Stetson,67.9,210,66.7,222,105.7,235,105.2,248,117.4,344,117.8,329,-12.6,67,
2026,Stonehill,66.6,264,66.3,233,94.8,357,91.7,362,103,63,109,168,-17.3,71,
2026,Stony Brook,66.4,281,66.2,239,104.7,258,105.2,252,107.7,154,110.7,210,-5.5,55,
2026,Syracuse,67.8,213,67.4,179,108.6,171,114.6,86,107.6,148,104.9,92,9.7,22,
2026,Tarleton St.,70.2,86,69.2,79,101.5,308,104.2,265,106.5,123,108.6,159,-4.4,52,
2026,TCU,69.7,108,67.7,159,110.9,124,115.4,81,102,44,97.8,22,17.6,11,9
2026,Temple,65.4,319,64.9,308,111.3,117,111.7,126,108.6,184,111.2,215,0.5,42,
2026,Tennessee,67.3,230,65,307,117,46,121.1,37,102.3,50,95,15,26.1,3,6
2026,Tennessee Martin,66,300,64.1,337,102.6,297,100.4,320,97.8,14,105.2,98,-4.8,49,
2026,Tennessee St.,70.6,74,70.2,36,110.2,133,109.1,173,104,76,110.9,212,-1.8,44,15
2026,Tennessee Tech,68.3,188,66.8,213,103.1,286,102.5,294,110.3,227,115.8,305,-13.3,60,
2026,Texas,68.6,170,66.9,206,119.5,22,125,13,111.2,250,105.9,112,19.1,8,11
2026,Texas A&M,72.6,15,70.5,29,118.1,36,119.7,49,107.7,156,101,41,18.7,8,10
2026,Texas A&M Corpus Chris,66.6,267,66,255,102.8,292,104.8,256,103.7,73,105.1,96,-0.3,40,
2026,Texas Southern,70.6,70,68.7,101,103,289,101.7,306,111,244,115,294,-13.3,57,
2026,Texas St.,67.3,229,66,254,105.5,241,104,272,106.3,117,110.6,209,-6.6,47,
2026,Texas Tech,68,203,66.2,243,117.8,39,125,12,106.8,131,99.8,33,25.2,3,5
2026,The Citadel,64.8,335,64.3,330,102.8,293,100.6,318,119.5,357,120.9,352,-20.3,57,
2026,Toledo,69.4,118,67.8,153,114.9,63,114.5,90,111.5,256,111.3,217,3.2,27,
2026,Towson,63.9,358,63.4,346,104.6,260,105.7,237,103.5,69,104.7,90,1,34,
2026,Troy,67,245,64.9,309,112.2,102,110.7,141,106.4,120,109,166,1.7,30,13
2026,Tulane,67.9,207,66.9,208,105.2,248,107.7,196,110.2,223,111.3,219,-3.6,39,
2026,Tulsa,68.6,169,67.9,145,121.6,7,121.2,34,106.5,122,108.2,148,13,12,
2026,UAB,70.3,82,69.1,85,109.7,144,109.8,156,104.5,82,106.4,119,3.4,25,
2026,UC Davis,71.3,40,68.9,90,106.3,222,108,188,106,110,107.1,133,0.9,31,
2026,UC Irvine,70.7,69,68.2,133,104,273,104.9,255,97.1,8,98.7,26,6.2,19,
2026,UC Riverside,71.1,52,68.4,120,100.8,317,104,271,111.6,259,111.7,227,-7.7,40,
2026,UC San Diego,69.8,102,67.2,190,106.9,210,107.8,193,101.2,38,103.3,68,4.5,22,
2026,UC Santa Barbara,67.1,242,64.4,327,112.7,93,113.7,97,108.1,168,110.6,208,3.1,23,
2026,UCF,70.6,71,69.2,78,113.6,79,120.5,40,110.3,229,105.4,101,15.1,9,10
2026,UCLA,65.7,310,64.6,318,117.1,45,123.7,22,107.2,138,102.1,53,21.6,4,7
2026,UMass Lowell,68.9,157,69.1,84,104.5,262,102.6,291,112.4,276,117.3,324,-14.7,42,
2026,UMBC,66.4,279,66.2,242,112.8,92,108.2,183,101.5,41,109.9,192,-1.7,28,16
2026,UNC Asheville,67.1,240,64.8,314,105.7,238,104.7,258,109,194,111.4,221,-6.7,33,
2026,UNC Greensboro,68.6,168,67.6,163,110.8,125,107.6,198,118.1,350,119.8,348,-12.2,36,
2026,UNC Wilmington,66.2,287,65.1,303,113.8,76,111.9,119,102.1,48,106.1,114,5.8,18,
2026,UNLV,70.6,72,69.8,55,111,121,115,84,111.2,251,109.1,172,5.9,17,
2026,USC,71,53,70.6,27,107.5,196,113.5,101,108.7,185,102.7,62,10.8,11,
2026,USC Upstate,69.2,132,67.5,174,100.7,319,99,337,107.6,149,111.4,220,-12.4,33,
2026,UT Arlington,66.5,271,64.8,311,100.7,320,102.6,292,100.5,32,101.5,47,1.1,22,
2026,UT Rio Grande Valley,66.5,269,66.3,230,109.7,146,111,136,104.7,86,106.4,120,4.6,16,
2026,Utah,68,200,66,258,108.7,168,114.7,85,116,336,111,213,3.7,16,
2026,Utah St.,68.3,185,67.7,158,119.6,19,122.1,28,103.4,68,101.4,45,20.7,4,9
2026,Utah Tech,68.1,197,66.3,236,106.9,209,110.9,138,110.2,222,112.8,252,-1.9,21,
2026,Utah Valley,69.4,123,68.7,108,110.6,129,112.8,108,100.2,30,104,76,8.8,12,
2026,UTEP,66,299,65.5,282,99.8,329,100.8,313,109.4,207,110.4,203,-9.6,26,
2026,UTSA,69.6,113,68.5,114,97,345,99.6,326,119,354,118.3,333,-18.7,28,
2026,Valparaiso,66.1,291,65.1,301,105.9,230,108.1,185,106.3,118,107.2,134,0.9,18,
2026,Vanderbilt,70.8,62,68.8,98,121.2,9,126.8,7,105.9,109,99.3,31,27.5,1,5
2026,VCU,69.4,124,68.5,116,117.8,40,119.9,46,103.2,66,102.7,60,17.2,4,11
2026,Vermont,64.4,346,64.8,310,110.6,127,106.1,226,105.3,98,112.6,247,-6.5,20,
2026,Villanova,66.5,276,65.2,296,115.1,61,120.4,41,105.1,95,100.4,35,20,3,8
2026,Virginia,66.5,272,65.7,271,119.3,23,122.5,27,100.9,36,95.8,16,26.7,1,3
2026,Virginia Tech,67.9,206,67,197,112.9,91,117.2,62,107.6,147,103.6,70,13.6,3,
2026,VMI,67.6,219,66.7,217,101.4,310,98.6,338,123.3,362,124.9,364,-26.3,21,
2026,Wagner,65.3,324,65.4,286,104.8,256,102.5,293,109.2,201,115.2,296,-12.7,20,
2026,Wake Forest,69.5,116,68.1,134,112.2,101,117,68,110.1,220,105.6,104,11.4,4,
2026,Washington,67.9,205,67.1,194,112.3,98,117.2,63,107.8,159,102.1,55,15.1,2,
2026,Washington St.,68.9,154,67.8,147,109.6,147,113.9,96,112.2,273,111.6,225,2.3,7,
2026,Weber St.,69.8,99,68.5,119,111.8,107,111.6,129,111.9,268,114.2,280,-2.6,11,
2026,West Georgia,70.2,87,69.2,81,106,229,101.6,307,113.4,299,114.1,276,-12.5,15,
2026,West Virginia,64,355,62.2,364,106.8,211,110,154,99.9,28,96.7,17,13.3,2,
2026,Western Carolina,68.8,162,67.8,155,111.2,118,109.2,168,113.6,301,114.7,288,-5.5,11,
2026,Western Illinois,67.3,228,66.5,226,93.6,359,92.9,359,116.4,337,121.3,355,-28.4,13,
2026,Western Kentucky,70.9,57,69.9,51,108.9,162,108.5,181,107.7,158,108.5,155,0,9,
2026,Western Michigan,69,146,67.7,160,106.6,217,107.8,194,115.8,334,117,317,-9.2,11,
2026,Wichita St.,67.3,233,66.1,248,112,104,112.6,111,102.5,53,102.8,64,9.8,3,
2026,William & Mary,73.6,8,72.5,7,111,122,111,137,107.3,142,109.5,185,1.5,6,
2026,Winthrop,71.7,29,70,43,113.2,86,111.7,127,107.9,163,110.5,207,1.2,6,
2026,Wisconsin,68.9,152,68.7,104,118.9,28,125.3,11,108.6,181,102,51,23.3,1,5
2026,Wofford,68.4,178,67.8,151,113.9,73,109.1,169,114.2,312,116.5,312,-7.4,6,
2026,Wright St.,69,148,67.2,192,115.5,57,112.1,117,108.9,190,110,193,2.1,4,14
2026,Wyoming,67.3,227,66,257,113.4,85,115.1,83,108.9,191,107.7,140,7.4,3,
2026,Xavier,71.2,46,70.2,33,109.1,159,116.9,69,112.5,279,109.4,182,7.5,2,
2026,Yale,65.6,314,64.4,328,121.2,8,121.1,35,108.5,179,110.4,202,10.7,1,
2026,Youngstown St.,68.6,165,67.2,187,109.1,158,105.5,243,108.8,189,109.4,184,-3.9,1,
