Season,TeamID,is_champion,model_family,calibration,p_champion,pred_rank_in_season
2022,1103,0,logistic,raw,4.1899495972312574e-08,66
2022,1104,0,logistic,raw,0.0003846400597828044,24
2022,1112,0,logistic,raw,0.0323474521708046,4
2022,1116,0,logistic,raw,0.00019038719939801408,29
2022,1120,0,logistic,raw,0.008435565956340183,10
2022,1124,0,logistic,raw,0.014367608746465865,8
2022,1129,0,logistic,raw,3.877257753622878e-06,48
2022,1136,0,logistic,raw,2.064502470666457e-06,51
2022,1151,0,logistic,raw,0.00030261979141710856,27
2022,1159,0,logistic,raw,3.1654697733099767e-06,49
2022,1161,0,logistic,raw,0.00034785849856437895,26
2022,1163,0,logistic,raw,0.024647017697189123,5
2022,1166,0,logistic,raw,0.000743324499123819,20
2022,1168,0,logistic,raw,1.432332935073689e-07,62
2022,1172,0,logistic,raw,1.5314654721132601e-06,53
2022,1174,0,logistic,raw,3.6837377235718906e-07,59
2022,1181,0,logistic,raw,0.059173535187304234,2
2022,1209,0,logistic,raw,1.701214530628807e-07,60
2022,1211,0,logistic,raw,0.12641425788897986,1
2022,1222,0,logistic,raw,0.014948395320561195,7
2022,1228,0,logistic,raw,0.0003491942585014849,25
2022,1231,0,logistic,raw,6.263816210793802e-06,47
2022,1234,0,logistic,raw,0.009357157437264903,9
2022,1235,0,logistic,raw,0.00011014673691341278,31
2022,1240,0,logistic,raw,1.9185940241404583e-08,68
2022,1242,1,logistic,raw,0.0034282761783474944,15
2022,1246,0,logistic,raw,0.05272476619589411,3
2022,1255,0,logistic,raw,3.8520166654802215e-07,58
2022,1260,0,logistic,raw,0.00010117723836066615,33
2022,1261,0,logistic,raw,0.004703391016351547,13
2022,1266,0,logistic,raw,6.580586870472481e-05,37
2022,1272,0,logistic,raw,0.0002626024602119564,28
2022,1274,0,logistic,raw,1.780091566241896e-05,44
2022,1276,0,logistic,raw,1.021417553654162e-05,45
2022,1277,0,logistic,raw,6.519944946225228e-05,38
2022,1286,0,logistic,raw,6.038511157798693e-08,64
2022,1293,0,logistic,raw,0.001383325357774556,18
2022,1308,0,logistic,raw,1.692501465346666e-07,61
2022,1313,0,logistic,raw,4.81988173107337e-08,65
2022,1314,0,logistic,raw,0.00010810116461783826,32
2022,1323,0,logistic,raw,2.2874364634493177e-05,41
2022,1326,0,logistic,raw,1.9238861431292466e-05,43
2022,1344,0,logistic,raw,1.999191502421733e-05,42
2022,1345,0,logistic,raw,0.0004077323374282772,22
2022,1350,0,logistic,raw,2.489769015990532e-06,50
2022,1353,0,logistic,raw,2.701633059027832e-05,40
2022,1355,0,logistic,raw,1.7889718648627322e-06,52
2022,1361,0,logistic,raw,0.00013025899181744264,30
2022,1362,0,logistic,raw,9.560629374331928e-05,34
2022,1371,0,logistic,raw,0.0004184590951152928,21
2022,1388,0,logistic,raw,0.003798604982366818,14
2022,1389,0,logistic,raw,6.528760380758934e-07,57
2022,1394,0,logistic,raw,2.2434035592250237e-08,67
2022,1395,0,logistic,raw,7.322874726043666e-05,36
2022,1397,0,logistic,raw,0.005350701750901974,12
2022,1400,0,logistic,raw,0.0059444778373613835,11
2022,1403,0,logistic,raw,0.00310559438361404,16
2022,1411,0,logistic,raw,1.366354979754455e-06,54
2022,1412,0,logistic,raw,0.00038956467932365827,23
2022,1417,0,logistic,raw,0.0015646411025100233,17
2022,1425,0,logistic,raw,9.084084451796504e-05,35
2022,1436,0,logistic,raw,4.1270044200639584e-05,39
2022,1437,0,logistic,raw,0.02158771223037424,6
2022,1439,0,logistic,raw,0.001153896896072395,19
2022,1458,0,logistic,raw,7.012641381462758e-06,46
2022,1460,0,logistic,raw,1.235636862772866e-07,63
2022,1461,0,logistic,raw,1.029776622589945e-06,55
2022,1463,0,logistic,raw,6.556027305910887e-07,56
2023,1104,0,logistic,raw,0.06302810080085477,2
2023,1112,0,logistic,raw,0.001166271866757389,15
2023,1113,0,logistic,raw,1.962438824359488e-05,47
2023,1116,0,logistic,raw,4.843130091509472e-05,44
2023,1120,0,logistic,raw,0.0004460769554928124,23
2023,1124,0,logistic,raw,0.000392704633659904,25
2023,1129,0,logistic,raw,6.485731168135944e-05,42
2023,1158,0,logistic,raw,0.00011907081586417331,34
2023,1159,0,logistic,raw,7.987996304097641e-07,57
2023,1163,1,logistic,raw,0.017124485271517983,3
2023,1166,0,logistic,raw,0.0019843002109131962,11
2023,1179,0,logistic,raw,4.6524312725815496e-05,46
2023,1181,0,logistic,raw,0.005011629080993419,7
2023,1192,0,logistic,raw,2.0001999836808074e-09,68
2023,1194,0,logistic,raw,9.56455395427889e-05,38
2023,1202,0,logistic,raw,2.580820356580051e-06,53
2023,1211,0,logistic,raw,0.0007310132251862635,19
2023,1213,0,logistic,raw,1.1610199365344573e-07,62
2023,1222,0,logistic,raw,0.1855626217485617,1
2023,1224,0,logistic,raw,1.451342922783649e-06,54
2023,1228,0,logistic,raw,0.00011678923105150121,35
2023,1231,0,logistic,raw,0.002013155193372406,10
2023,1233,0,logistic,raw,0.00031258864301025744,29
2023,1234,0,logistic,raw,7.86786751979461e-06,51
2023,1235,0,logistic,raw,0.00036832805459397915,27
2023,1242,0,logistic,raw,0.002575470612840279,9
2023,1243,0,logistic,raw,0.0009758249870765672,17
2023,1244,0,logistic,raw,8.364039077714522e-08,64
2023,1245,0,logistic,raw,1.1682649514452402e-05,49
2023,1246,0,logistic,raw,0.00012265623009082455,33
2023,1266,0,logistic,raw,0.015819302597028025,4
2023,1268,0,logistic,raw,0.001017104557096987,16
2023,1272,0,logistic,raw,0.000716402641432068,20
2023,1274,0,logistic,raw,0.00039192482129635177,26
2023,1277,0,logistic,raw,8.076194062641895e-05,39
2023,1280,0,logistic,raw,9.957917617214983e-05,36
2023,1281,0,logistic,raw,0.00036295038832133934,28
2023,1286,0,logistic,raw,4.3929878320991e-08,65
2023,1297,0,logistic,raw,8.17103290886814e-06,50
2023,1301,0,logistic,raw,0.0001783242548894327,30
2023,1305,0,logistic,raw,6.93267997842124e-07,58
2023,1321,0,logistic,raw,0.00042804480460170453,24
2023,1331,0,logistic,raw,0.0008120030964266701,18
2023,1336,0,logistic,raw,6.222729745581283e-05,43
2023,1338,0,logistic,raw,4.7776363057786374e-05,45
2023,1343,0,logistic,raw,4.238264503949567e-07,60
2023,1344,0,logistic,raw,0.00016693688738955622,31
2023,1345,0,logistic,raw,0.001536900271966214,14
2023,1361,0,logistic,raw,0.00013202515476709259,32
2023,1364,0,logistic,raw,8.803498268487643e-08,63
2023,1369,0,logistic,raw,6.958573142862575e-09,67
2023,1388,0,logistic,raw,0.0005034513838249874,21
2023,1394,0,logistic,raw,4.5083046147645873e-07,59
2023,1395,0,logistic,raw,0.0017263177508432715,13
2023,1397,0,logistic,raw,0.0050896890503675,6
2023,1400,0,logistic,raw,0.004640478565489019,8
2023,1401,0,logistic,raw,0.0017880454598504202,12
2023,1411,0,logistic,raw,7.737219560214147e-09,66
2023,1417,0,logistic,raw,0.009615229451443209,5
2023,1418,0,logistic,raw,8.907137560471205e-07,56
2023,1421,0,logistic,raw,1.4530628315550917e-07,61
2023,1425,0,logistic,raw,9.895537200337444e-05,37
2023,1429,0,logistic,raw,3.8423538794618734e-06,52
2023,1433,0,logistic,raw,1.6485638112489923e-05,48
2023,1436,0,logistic,raw,1.1835383622201619e-06,55
2023,1438,0,logistic,raw,6.563473337264775e-05,41
2023,1452,0,logistic,raw,7.252236104370835e-05,40
2023,1462,0,logistic,raw,0.0004896734884015303,22
2024,1103,0,logistic,raw,3.91705588802845e-06,59
2024,1104,0,logistic,raw,0.05882747171654754,7
2024,1112,0,logistic,raw,0.03452089406817327,9
2024,1120,0,logistic,raw,0.20300001329249515,3
2024,1124,0,logistic,raw,0.006108154482346803,17
2024,1129,0,logistic,raw,0.0003187991793145662,37
2024,1140,0,logistic,raw,0.005404196962122647,19
2024,1155,0,logistic,raw,0.0003671287917476557,35
2024,1158,0,logistic,raw,3.1673945361478525e-05,48
2024,1159,0,logistic,raw,7.14645726693218e-06,56
2024,1160,0,logistic,raw,0.0028603556899258705,25
2024,1161,0,logistic,raw,7.005604600690813e-05,44
2024,1163,1,logistic,raw,0.7983595649726104,1
2024,1166,0,logistic,raw,0.08972618871507984,4
2024,1173,0,logistic,raw,0.0002265873441272491,39
2024,1179,0,logistic,raw,0.00012122630679443923,43
2024,1181,0,logistic,raw,0.061698530159901795,6
2024,1182,0,logistic,raw,0.00013670971253751052,41
2024,1194,0,logistic,raw,0.00012468448522729963,42
2024,1196,0,logistic,raw,0.0031202289136949644,24
2024,1211,0,logistic,raw,0.029291415314106548,10
2024,1212,0,logistic,raw,2.9579908669025886e-07,63
2024,1213,0,logistic,raw,3.797895272931249e-05,47
2024,1222,0,logistic,raw,0.3280361112537912,2
2024,1224,0,logistic,raw,4.5392417717693125e-08,67
2024,1228,0,logistic,raw,0.003795868851267028,23
2024,1235,0,logistic,raw,0.0227595436590373,12
2024,1241,0,logistic,raw,4.7445386376986975e-05,46
2024,1242,0,logistic,raw,0.004273155721582644,21
2024,1246,0,logistic,raw,0.036503272155071396,8
2024,1253,0,logistic,raw,1.9483382385524186e-08,68
2024,1255,0,logistic,raw,3.344245001664526e-07,62
2024,1266,0,logistic,raw,0.023907977587074726,11
2024,1270,0,logistic,raw,0.00015127655260516602,40
2024,1277,0,logistic,raw,0.002106425936566401,29
2024,1280,0,logistic,raw,0.0009741683020679859,32
2024,1286,0,logistic,raw,5.423824976354444e-08,66
2024,1287,0,logistic,raw,4.054268136091465e-06,58
2024,1301,0,logistic,raw,5.8515565877786705e-05,45
2024,1304,0,logistic,raw,0.010654684182035886,13
2024,1305,0,logistic,raw,1.6062606119026866e-05,51
2024,1307,0,logistic,raw,0.001395311605882122,31
2024,1314,0,logistic,raw,0.0024910374958964777,26
2024,1321,0,logistic,raw,0.00041788234940196006,34
2024,1324,0,logistic,raw,2.575155001329657e-05,49
2024,1332,0,logistic,raw,2.5708644565330623e-05,50
2024,1345,0,logistic,raw,0.010244509063316162,14
2024,1355,0,logistic,raw,1.261224974624017e-06,61
2024,1359,0,logistic,raw,0.00034800524189609666,36
2024,1361,0,logistic,raw,0.001527385729980998,30
2024,1376,0,logistic,raw,0.005897425467054543,18
2024,1388,0,logistic,raw,0.0049400463049559026,20
2024,1389,0,logistic,raw,4.186233415242008e-06,57
2024,1391,0,logistic,raw,1.6759602289518062e-07,64
2024,1395,0,logistic,raw,0.0024541034603973023,27
2024,1397,0,logistic,raw,0.08185270747425687,5
2024,1400,0,logistic,raw,0.00640832936312689,16
2024,1401,0,logistic,raw,0.004140678995205889,22
2024,1403,0,logistic,raw,0.008721415827494739,15
2024,1412,0,logistic,raw,1.4239673196704277e-05,52
2024,1429,0,logistic,raw,1.0431001161241542e-05,54
2024,1436,0,logistic,raw,1.252194821396559e-05,53
2024,1438,0,logistic,raw,0.000525366847289204,33
2024,1443,0,logistic,raw,1.846216994814878e-06,60
2024,1447,0,logistic,raw,1.0534527272778761e-07,65
2024,1450,0,logistic,raw,0.00030260119338273067,38
2024,1458,0,logistic,raw,0.002409681735290809,28
2024,1463,0,logistic,raw,7.530338988096264e-06,55
2025,1103,0,logistic,raw,2.6747342151946183e-05,52
2025,1104,0,logistic,raw,0.20945295558851365,6
2025,1106,0,logistic,raw,3.0287945995300213e-07,66
2025,1110,0,logistic,raw,9.27723991121883e-07,62
2025,1112,0,logistic,raw,0.01970536555770878,20
2025,1116,0,logistic,raw,0.0008080412877543037,42
2025,1120,0,logistic,raw,0.43493714632175856,5
2025,1124,0,logistic,raw,0.02246168484859778,17
2025,1136,0,logistic,raw,2.999868889106218e-06,61
2025,1140,0,logistic,raw,0.013891296812989081,22
2025,1155,0,logistic,raw,0.1421181775990964,8
2025,1161,0,logistic,raw,0.0014763426396920028,41
2025,1163,0,logistic,raw,0.019307391369606935,21
2025,1166,0,logistic,raw,0.01005773194272453,25
2025,1179,0,logistic,raw,2.6191505042749413e-05,53
2025,1181,0,logistic,raw,0.909201824266777,1
2025,1188,0,logistic,raw,4.99737388242916e-07,64
2025,1196,1,logistic,raw,0.8224501398111267,2
2025,1208,0,logistic,raw,0.02487346581289037,16
2025,1211,0,logistic,raw,0.10645462901664829,9
2025,1213,0,logistic,raw,7.4195438024524496e-06,57
2025,1219,0,logistic,raw,5.0065144787391063e-05,51
2025,1222,0,logistic,raw,0.5670132892739612,4
2025,1228,0,logistic,raw,0.04146244474301992,13
2025,1235,0,logistic,raw,0.08420053188827777,10
2025,1242,0,logistic,raw,0.06509275327947843,11
2025,1246,0,logistic,raw,0.005060571241321897,30
2025,1251,0,logistic,raw,2.1570655401630918e-05,54
2025,1252,0,logistic,raw,0.004053726983244125,31
2025,1257,0,logistic,raw,0.002807844293686062,36
2025,1266,0,logistic,raw,0.012319214986095539,23
2025,1268,0,logistic,raw,0.010934235786993741,24
2025,1270,0,logistic,raw,0.0023328485887311773,37
2025,1272,0,logistic,raw,0.001815138287238759,40
2025,1276,0,logistic,raw,0.0007378062312438926,43
2025,1277,0,logistic,raw,0.006414035114319664,29
2025,1279,0,logistic,raw,0.009979251599429945,26
2025,1280,0,logistic,raw,0.04101939737596486,14
2025,1281,0,logistic,raw,0.020567030446042592,19
2025,1285,0,logistic,raw,4.77687604562807e-07,65
2025,1291,0,logistic,raw,6.263775359696621e-07,63
2025,1303,0,logistic,raw,1.7340542323891394e-07,67
2025,1307,0,logistic,raw,0.00018663608664633494,49
2025,1313,0,logistic,raw,4.51821975172342e-06,59
2025,1314,0,logistic,raw,0.00025028799243879935,48
2025,1328,0,logistic,raw,0.007521482928317597,28
2025,1332,0,logistic,raw,0.0032235817638942457,34
2025,1345,0,logistic,raw,0.004032365483185442,32
2025,1352,0,logistic,raw,6.689402220194714e-06,58
2025,1361,0,logistic,raw,0.00011321959390186471,50
2025,1384,0,logistic,raw,1.0318341095616577e-07,68
2025,1385,0,logistic,raw,0.06099757678854399,12
2025,1388,0,logistic,raw,0.0021375842061475063,38
2025,1397,0,logistic,raw,0.20380322513560967,7
2025,1400,0,logistic,raw,0.0033907702947112957,33
2025,1401,0,logistic,raw,0.020982957517517484,18
2025,1403,0,logistic,raw,0.5739011459065492,3
2025,1407,0,logistic,raw,0.0003142248281524061,46
2025,1417,0,logistic,raw,0.0019891092422490157,39
2025,1423,0,logistic,raw,1.2041774747406337e-05,56
2025,1429,0,logistic,raw,0.0003397338075462178,45
2025,1433,0,logistic,raw,0.009949756913053692,27
2025,1435,0,logistic,raw,0.002909782851207084,35
2025,1458,0,logistic,raw,0.03245811484489419,15
2025,1459,0,logistic,raw,3.1965594033604526e-06,60
2025,1462,0,logistic,raw,0.0002798729460991773,47
2025,1463,0,logistic,raw,2.1419355689702307e-05,55
2025,1471,0,logistic,raw,0.0004224970405836237,44
2022,1103,0,logistic,sigmoid,0.0013463934425766324,65
2022,1104,0,logistic,sigmoid,0.013525219264212246,21
2022,1112,0,logistic,sigmoid,0.04227351898600852,4
2022,1116,0,logistic,sigmoid,0.009751053204468282,29
2022,1120,0,logistic,sigmoid,0.029466971338169216,10
2022,1124,0,logistic,sigmoid,0.03255328361665794,8
2022,1129,0,logistic,sigmoid,0.0034742141786937237,53
2022,1136,0,logistic,sigmoid,0.0036202435093340263,51
2022,1151,0,logistic,sigmoid,0.012626968302289704,24
2022,1159,0,logistic,sigmoid,0.004146794795026566,48
2022,1161,0,logistic,sigmoid,0.011682747393167348,26
2022,1163,0,logistic,sigmoid,0.033273944016784254,7
2022,1166,0,logistic,sigmoid,0.012866607308067038,23
2022,1168,0,logistic,sigmoid,0.001690157577008699,62
2022,1172,0,logistic,sigmoid,0.003478878122492612,52
2022,1174,0,logistic,sigmoid,0.002411086881259723,56
2022,1181,0,logistic,sigmoid,0.04821494335837732,2
2022,1209,0,logistic,sigmoid,0.001602337532309591,63
2022,1211,0,logistic,sigmoid,0.05575909010143977,1
2022,1222,0,logistic,sigmoid,0.03484977395063839,6
2022,1228,0,logistic,sigmoid,0.010822412380921935,28
2022,1231,0,logistic,sigmoid,0.003799682331984118,50
2022,1234,0,logistic,sigmoid,0.03040671165153515,9
2022,1235,0,logistic,sigmoid,0.007725063901989594,36
2022,1240,0,logistic,sigmoid,0.0012176924125824203,67
2022,1242,1,logistic,sigmoid,0.023377716018266177,12
2022,1246,0,logistic,sigmoid,0.0472071716595378,3
2022,1255,0,logistic,sigmoid,0.0025297050617566633,55
2022,1260,0,logistic,sigmoid,0.008305169743325087,31
2022,1261,0,logistic,sigmoid,0.022574020880829174,14
2022,1266,0,logistic,sigmoid,0.007597710127304355,37
2022,1272,0,logistic,sigmoid,0.011382966786807737,27
2022,1274,0,logistic,sigmoid,0.0065785848134855525,40
2022,1276,0,logistic,sigmoid,0.005041270995880465,45
2022,1277,0,logistic,sigmoid,0.008070699365044388,34
2022,1286,0,logistic,sigmoid,0.0014426242946247734,64
2022,1293,0,logistic,sigmoid,0.01849458831770228,17
2022,1308,0,logistic,sigmoid,0.001737790838091495,61
2022,1313,0,logistic,sigmoid,0.0012510311399887436,66
2022,1314,0,logistic,sigmoid,0.009146940323485179,30
2022,1323,0,logistic,sigmoid,0.005807916534332514,42
2022,1326,0,logistic,sigmoid,0.006047431699274677,41
2022,1344,0,logistic,sigmoid,0.005588447382318438,43
2022,1345,0,logistic,sigmoid,0.013380378564504808,22
2022,1350,0,logistic,sigmoid,0.003919184605898774,49
2022,1353,0,logistic,sigmoid,0.005494296622187389,44
2022,1355,0,logistic,sigmoid,0.004227853160787976,46
2022,1361,0,logistic,sigmoid,0.00786826351090608,35
2022,1362,0,logistic,sigmoid,0.00807134107563474,33
2022,1371,0,logistic,sigmoid,0.011845769278735674,25
2022,1388,0,logistic,sigmoid,0.02185258517734744,15
2022,1389,0,logistic,sigmoid,0.0022100787769346922,57
2022,1394,0,logistic,sigmoid,0.0010671242461899703,68
2022,1395,0,logistic,sigmoid,0.006957133303551638,38
2022,1397,0,logistic,sigmoid,0.02557767811653045,11
2022,1400,0,logistic,sigmoid,0.022643295037739652,13
2022,1403,0,logistic,sigmoid,0.020265328222236277,16
2022,1411,0,logistic,sigmoid,0.0021746033650865935,58
2022,1412,0,logistic,sigmoid,0.014084331950695967,20
2022,1417,0,logistic,sigmoid,0.016830329063441764,19
2022,1425,0,logistic,sigmoid,0.00811483976399939,32
2022,1436,0,logistic,sigmoid,0.0069049525295940915,39
2022,1437,0,logistic,sigmoid,0.035424761813002914,5
2022,1439,0,logistic,sigmoid,0.017247485118676603,18
2022,1458,0,logistic,sigmoid,0.004185921106386435,47
2022,1460,0,logistic,sigmoid,0.0019809426233913857,60
2022,1461,0,logistic,sigmoid,0.0025468773604716754,54
2022,1463,0,logistic,sigmoid,0.0020298363625945895,59
2023,1104,0,logistic,sigmoid,0.04228981960717723,2
2023,1112,0,logistic,sigmoid,0.01746498857892589,13
2023,1113,0,logistic,sigmoid,0.004958409849881817,50
2023,1116,0,logistic,sigmoid,0.006986274652179646,44
2023,1120,0,logistic,sigmoid,0.01179654663711657,27
2023,1124,0,logistic,sigmoid,0.012421396904479536,26
2023,1129,0,logistic,sigmoid,0.006950456122357816,45
2023,1158,0,logistic,sigmoid,0.009795267004885387,32
2023,1159,0,logistic,sigmoid,0.003313490699612655,54
2023,1163,1,logistic,sigmoid,0.03836740076038849,3
2023,1166,0,logistic,sigmoid,0.017953769017958914,11
2023,1179,0,logistic,sigmoid,0.006677913709126083,46
2023,1181,0,logistic,sigmoid,0.024131362252749623,7
2023,1192,0,logistic,sigmoid,0.0008352999557665212,66
2023,1194,0,logistic,sigmoid,0.00907824075443758,35
2023,1202,0,logistic,sigmoid,0.004076453539747194,53
2023,1211,0,logistic,sigmoid,0.015742160440371026,17
2023,1213,0,logistic,sigmoid,0.0019245983039502459,61
2023,1222,0,logistic,sigmoid,0.07071153631396511,1
2023,1224,0,logistic,sigmoid,0.002677554904865871,56
2023,1228,0,logistic,sigmoid,0.00814067567682999,37
2023,1231,0,logistic,sigmoid,0.0171292136679281,14
2023,1233,0,logistic,sigmoid,0.013732575131501978,24
2023,1234,0,logistic,sigmoid,0.005485145378858023,48
2023,1235,0,logistic,sigmoid,0.0100365799510567,31
2023,1242,0,logistic,sigmoid,0.020965722646806982,9
2023,1243,0,logistic,sigmoid,0.01449885469264652,21
2023,1244,0,logistic,sigmoid,0.0013156661937050698,64
2023,1245,0,logistic,sigmoid,0.00501165343085962,49
2023,1246,0,logistic,sigmoid,0.0094401245794021,33
2023,1266,0,logistic,sigmoid,0.03481626330891103,4
2023,1268,0,logistic,sigmoid,0.01378778810945433,23
2023,1272,0,logistic,sigmoid,0.01679334800271949,16
2023,1274,0,logistic,sigmoid,0.01479055543501106,20
2023,1277,0,logistic,sigmoid,0.008335631507952279,36
2023,1280,0,logistic,sigmoid,0.007656081077143264,43
2023,1281,0,logistic,sigmoid,0.014450216044538786,22
2023,1286,0,logistic,sigmoid,0.001204708485705161,65
2023,1297,0,logistic,sigmoid,0.0044813265474053475,52
2023,1301,0,logistic,sigmoid,0.010433894834432574,30
2023,1305,0,logistic,sigmoid,0.00258696005928802,58
2023,1321,0,logistic,sigmoid,0.011345976814258881,28
2023,1331,0,logistic,sigmoid,0.015322555584390182,18
2023,1336,0,logistic,sigmoid,0.00784288560297645,40
2023,1338,0,logistic,sigmoid,0.007692684107354733,42
2023,1343,0,logistic,sigmoid,0.002102375338867486,60
2023,1344,0,logistic,sigmoid,0.010590461621292437,29
2023,1345,0,logistic,sigmoid,0.01782706997215576,12
2023,1361,0,logistic,sigmoid,0.009433297874638832,34
2023,1364,0,logistic,sigmoid,0.0016818903521017205,62
2023,1369,0,logistic,sigmoid,0.000758057184832265,67
2023,1388,0,logistic,sigmoid,0.01298666177444271,25
2023,1394,0,logistic,sigmoid,0.002436765755642003,59
2023,1395,0,logistic,sigmoid,0.01708904545703819,15
2023,1397,0,logistic,sigmoid,0.025421378723599057,6
2023,1400,0,logistic,sigmoid,0.02269038296415014,8
2023,1401,0,logistic,sigmoid,0.017983290747318772,10
2023,1411,0,logistic,sigmoid,0.000586621041420924,68
2023,1417,0,logistic,sigmoid,0.028610424288274587,5
2023,1418,0,logistic,sigmoid,0.0028776551728512327,55
2023,1421,0,logistic,sigmoid,0.00164494631101986,63
2023,1425,0,logistic,sigmoid,0.008097047987120359,38
2023,1429,0,logistic,sigmoid,0.0045439084485384435,51
2023,1433,0,logistic,sigmoid,0.005607026260552003,47
2023,1436,0,logistic,sigmoid,0.0026179147589878342,57
2023,1438,0,logistic,sigmoid,0.007849175126123441,39
2023,1452,0,logistic,sigmoid,0.007795365442000918,41
2023,1462,0,logistic,sigmoid,0.015311365521793175,19
2024,1103,0,logistic,sigmoid,0.0033754993445658846,58
2024,1104,0,logistic,sigmoid,0.047604937399027415,7
2024,1112,0,logistic,sigmoid,0.03967644361166402,10
2024,1120,0,logistic,sigmoid,0.07086950109457979,3
2024,1124,0,logistic,sigmoid,0.025028085975668114,16
2024,1129,0,logistic,sigmoid,0.010211091600645237,41
2024,1140,0,logistic,sigmoid,0.02460691155050468,18
2024,1155,0,logistic,sigmoid,0.01238279834733486,36
2024,1158,0,logistic,sigmoid,0.007293293443665613,47
2024,1159,0,logistic,sigmoid,0.004301313953191598,56
2024,1160,0,logistic,sigmoid,0.02079823097249363,24
2024,1161,0,logistic,sigmoid,0.00822390053769927,45
2024,1163,1,logistic,sigmoid,0.13043299793230784,1
2024,1166,0,logistic,sigmoid,0.04761523726957996,6
2024,1173,0,logistic,sigmoid,0.011710994057794888,37
2024,1179,0,logistic,sigmoid,0.009144231343609437,42
2024,1181,0,logistic,sigmoid,0.044858994730349155,8
2024,1182,0,logistic,sigmoid,0.008819942945416964,43
2024,1194,0,logistic,sigmoid,0.010595154748186415,39
2024,1196,0,logistic,sigmoid,0.023502200258192392,19
2024,1211,0,logistic,sigmoid,0.03903315008111691,11
2024,1212,0,logistic,sigmoid,0.0015274478266712327,64
2024,1213,0,logistic,sigmoid,0.006985176498092868,48
2024,1222,0,logistic,sigmoid,0.08015228537882271,2
2024,1224,0,logistic,sigmoid,0.0014285512326803833,65
2024,1228,0,logistic,sigmoid,0.022782698862496613,20
2024,1235,0,logistic,sigmoid,0.03972752794644888,9
2024,1241,0,logistic,sigmoid,0.008763292171855994,44
2024,1242,0,logistic,sigmoid,0.020308960593711574,26
2024,1246,0,logistic,sigmoid,0.0489223478452376,5
2024,1253,0,logistic,sigmoid,0.0011598904702175398,68
2024,1255,0,logistic,sigmoid,0.002019519206212127,63
2024,1266,0,logistic,sigmoid,0.03862130419471699,12
2024,1270,0,logistic,sigmoid,0.011485277466391993,38
2024,1277,0,logistic,sigmoid,0.017553673570497787,30
2024,1280,0,logistic,sigmoid,0.015115357140502664,32
2024,1286,0,logistic,sigmoid,0.001220501510137607,67
2024,1287,0,logistic,sigmoid,0.0038234566058424706,57
2024,1301,0,logistic,sigmoid,0.00791111975532656,46
2024,1304,0,logistic,sigmoid,0.02799739505028373,14
2024,1305,0,logistic,sigmoid,0.005128718504379322,52
2024,1307,0,logistic,sigmoid,0.018744575660618518,28
2024,1314,0,logistic,sigmoid,0.01986605812607454,27
2024,1321,0,logistic,sigmoid,0.013110882004484825,33
2024,1324,0,logistic,sigmoid,0.006381149664765233,50
2024,1332,0,logistic,sigmoid,0.005993922518322688,51
2024,1345,0,logistic,sigmoid,0.03120694553398403,13
2024,1355,0,logistic,sigmoid,0.002942349508012103,61
2024,1359,0,logistic,sigmoid,0.013015556330315347,34
2024,1361,0,logistic,sigmoid,0.015134091418739953,31
2024,1376,0,logistic,sigmoid,0.021769170331361068,21
2024,1388,0,logistic,sigmoid,0.02164446199827403,22
2024,1389,0,logistic,sigmoid,0.003070137538384527,59
2024,1391,0,logistic,sigmoid,0.002158233906641541,62
2024,1395,0,logistic,sigmoid,0.020563479062682796,25
2024,1397,0,logistic,sigmoid,0.04945984762526632,4
2024,1400,0,logistic,sigmoid,0.02477570189204554,17
2024,1401,0,logistic,sigmoid,0.021067032665162626,23
2024,1403,0,logistic,sigmoid,0.026244285972320952,15
2024,1412,0,logistic,sigmoid,0.006385728716379449,49
2024,1429,0,logistic,sigmoid,0.004727421630679593,54
2024,1436,0,logistic,sigmoid,0.004905117193856591,53
2024,1438,0,logistic,sigmoid,0.01275255172556967,35
2024,1443,0,logistic,sigmoid,0.0030075541006687662,60
2024,1447,0,logistic,sigmoid,0.0012791070617400617,66
2024,1450,0,logistic,sigmoid,0.010476326549954918,40
2024,1458,0,logistic,sigmoid,0.01839314921400584,29
2024,1463,0,logistic,sigmoid,0.004458803062100456,55
2025,1103,0,logistic,sigmoid,0.007318834482100837,53
2025,1104,0,logistic,sigmoid,0.062050952701407994,7
2025,1106,0,logistic,sigmoid,0.001798342415353768,67
2025,1110,0,logistic,sigmoid,0.002476704147193768,62
2025,1112,0,logistic,sigmoid,0.03450800338491771,17
2025,1116,0,logistic,sigmoid,0.013195133353711506,45
2025,1120,0,logistic,sigmoid,0.09294424804432813,5
2025,1124,0,logistic,sigmoid,0.03228213645418889,20
2025,1136,0,logistic,sigmoid,0.0038761564513705394,60
2025,1140,0,logistic,sigmoid,0.031191510001011523,21
2025,1155,0,logistic,sigmoid,0.059885179680859046,8
2025,1161,0,logistic,sigmoid,0.016954350787767497,41
2025,1163,0,logistic,sigmoid,0.03938872232493342,14
2025,1166,0,logistic,sigmoid,0.027028774003659578,26
2025,1179,0,logistic,sigmoid,0.007724925550148622,51
2025,1181,0,logistic,sigmoid,0.15804043566289,1
2025,1188,0,logistic,sigmoid,0.0019779439554722827,65
2025,1196,1,logistic,sigmoid,0.13877787928512544,2
2025,1208,0,logistic,sigmoid,0.03355524849049883,19
2025,1211,0,logistic,sigmoid,0.05732740000147128,9
2025,1213,0,logistic,sigmoid,0.004528234147166135,57
2025,1219,0,logistic,sigmoid,0.008842436023231606,50
2025,1222,0,logistic,sigmoid,0.10007556728813863,3
2025,1228,0,logistic,sigmoid,0.0354993051160616,16
2025,1235,0,logistic,sigmoid,0.05606582039518178,10
2025,1242,0,logistic,sigmoid,0.04448561594224599,12
2025,1246,0,logistic,sigmoid,0.024110358254265395,31
2025,1251,0,logistic,sigmoid,0.005983297823829375,55
2025,1252,0,logistic,sigmoid,0.024106954743593527,32
2025,1257,0,logistic,sigmoid,0.020412656624579566,34
2025,1266,0,logistic,sigmoid,0.02997604781299517,24
2025,1268,0,logistic,sigmoid,0.028662698600242276,25
2025,1270,0,logistic,sigmoid,0.020376786904341027,35
2025,1272,0,logistic,sigmoid,0.02035617908879325,37
2025,1276,0,logistic,sigmoid,0.013504357439149017,44
2025,1277,0,logistic,sigmoid,0.025296572203876815,30
2025,1279,0,logistic,sigmoid,0.02645901924014888,27
2025,1280,0,logistic,sigmoid,0.041675383523502814,13
2025,1281,0,logistic,sigmoid,0.034192155404913056,18
2025,1285,0,logistic,sigmoid,0.002225027916876127,63
2025,1291,0,logistic,sigmoid,0.002179493770159403,64
2025,1303,0,logistic,sigmoid,0.0019065756474083914,66
2025,1307,0,logistic,sigmoid,0.009434696007518204,49
2025,1313,0,logistic,sigmoid,0.0039697704747753545,59
2025,1314,0,logistic,sigmoid,0.011126279152997572,47
2025,1328,0,logistic,sigmoid,0.02638534958289442,28
2025,1332,0,logistic,sigmoid,0.02035775875283167,36
2025,1345,0,logistic,sigmoid,0.025458699070982464,29
2025,1352,0,logistic,sigmoid,0.00440826020412926,58
2025,1361,0,logistic,sigmoid,0.0076978669106927645,52
2025,1384,0,logistic,sigmoid,0.0012325063418734323,68
2025,1385,0,logistic,sigmoid,0.04859773986566214,11
2025,1388,0,logistic,sigmoid,0.018839156780750443,38
2025,1397,0,logistic,sigmoid,0.06556680066341294,6
2025,1400,0,logistic,sigmoid,0.018666299868932736,39
2025,1401,0,logistic,sigmoid,0.030112391681190575,23
2025,1403,0,logistic,sigmoid,0.09811050377282964,4
2025,1407,0,logistic,sigmoid,0.011196488877089553,46
2025,1417,0,logistic,sigmoid,0.018063906638739604,40
2025,1423,0,logistic,sigmoid,0.005917539545621391,56
2025,1429,0,logistic,sigmoid,0.013696177468889573,42
2025,1433,0,logistic,sigmoid,0.03069874727745661,22
2025,1435,0,logistic,sigmoid,0.020524921194712824,33
2025,1458,0,logistic,sigmoid,0.03568235244986698,15
2025,1459,0,logistic,sigmoid,0.0037435730824673177,61
2025,1462,0,logistic,sigmoid,0.010988276554495966,48
2025,1463,0,logistic,sigmoid,0.006985818050066388,54
2025,1471,0,logistic,sigmoid,0.013556505998962376,43
2022,1103,0,logistic,isotonic,0.0,27
2022,1104,0,logistic,isotonic,0.002857142857142857,24
2022,1112,0,logistic,isotonic,0.05346758679595871,5
2022,1116,0,logistic,isotonic,0.0,28
2022,1120,0,logistic,isotonic,0.020790130568356373,11
2022,1124,0,logistic,isotonic,0.023647273425499233,8
2022,1129,0,logistic,isotonic,0.0,29
2022,1136,0,logistic,isotonic,0.0,30
2022,1151,0,logistic,isotonic,0.003125,22
2022,1159,0,logistic,isotonic,0.0,31
2022,1161,0,logistic,isotonic,0.0010578327120022452,26
2022,1163,0,logistic,isotonic,0.0489612107699519,6
2022,1166,0,logistic,isotonic,0.002857142857142857,25
2022,1168,0,logistic,isotonic,0.0,32
2022,1172,0,logistic,isotonic,0.0,33
2022,1174,0,logistic,isotonic,0.0,34
2022,1181,0,logistic,isotonic,0.10547500191788362,1
2022,1209,0,logistic,isotonic,0.0,35
2022,1211,0,logistic,isotonic,0.08532280219780221,2
2022,1222,0,logistic,isotonic,0.023647273425499233,9
2022,1228,0,logistic,isotonic,0.0,36
2022,1231,0,logistic,isotonic,0.0,37
2022,1234,0,logistic,isotonic,0.023647273425499233,10
2022,1235,0,logistic,isotonic,0.0,38
2022,1240,0,logistic,isotonic,0.0,39
2022,1242,1,logistic,isotonic,0.020790130568356373,12
2022,1246,0,logistic,isotonic,0.05455357142857144,4
2022,1255,0,logistic,isotonic,0.0,40
2022,1260,0,logistic,isotonic,0.0,41
2022,1261,0,logistic,isotonic,0.010744047619047618,16
2022,1266,0,logistic,isotonic,0.0,42
2022,1272,0,logistic,isotonic,0.0,43
2022,1274,0,logistic,isotonic,0.0,44
2022,1276,0,logistic,isotonic,0.0,45
2022,1277,0,logistic,isotonic,0.0,46
2022,1286,0,logistic,isotonic,0.0,47
2022,1293,0,logistic,isotonic,0.011125,14
2022,1308,0,logistic,isotonic,0.0,48
2022,1313,0,logistic,isotonic,0.0,49
2022,1314,0,logistic,isotonic,0.0,50
2022,1323,0,logistic,isotonic,0.0,51
2022,1326,0,logistic,isotonic,0.0,52
2022,1344,0,logistic,isotonic,0.0,53
2022,1345,0,logistic,isotonic,0.008,18
2022,1350,0,logistic,isotonic,0.0,54
2022,1353,0,logistic,isotonic,0.0,55
2022,1355,0,logistic,isotonic,0.0,56
2022,1361,0,logistic,isotonic,0.0,57
2022,1362,0,logistic,isotonic,0.0,58
2022,1371,0,logistic,isotonic,0.003125,23
2022,1388,0,logistic,isotonic,0.03169642857142857,7
2022,1389,0,logistic,isotonic,0.0,59
2022,1394,0,logistic,isotonic,0.0,60
2022,1395,0,logistic,isotonic,0.0,61
2022,1397,0,logistic,isotonic,0.007886904761904762,19
2022,1400,0,logistic,isotonic,0.007619047619047618,20
2022,1403,0,logistic,isotonic,0.007619047619047618,21
2022,1411,0,logistic,isotonic,0.0,62
2022,1412,0,logistic,isotonic,0.008783995084195445,17
2022,1417,0,logistic,isotonic,0.011125,15
2022,1425,0,logistic,isotonic,0.0,63
2022,1436,0,logistic,isotonic,0.0,64
2022,1437,0,logistic,isotonic,0.06442857142857142,3
2022,1439,0,logistic,isotonic,0.012761904761904763,13
2022,1458,0,logistic,isotonic,0.0,65
2022,1460,0,logistic,isotonic,0.0,66
2022,1461,0,logistic,isotonic,0.0,67
2022,1463,0,logistic,isotonic,0.0,68
2023,1104,0,logistic,isotonic,0.06974783530155496,2
2023,1112,0,logistic,isotonic,0.0,24
2023,1113,0,logistic,isotonic,0.0,25
2023,1116,0,logistic,isotonic,0.0,26
2023,1120,0,logistic,isotonic,0.0,27
2023,1124,0,logistic,isotonic,0.0,28
2023,1129,0,logistic,isotonic,0.0,29
2023,1158,0,logistic,isotonic,0.0,30
2023,1159,0,logistic,isotonic,0.0,31
2023,1163,1,logistic,isotonic,0.05142857142857142,3
2023,1166,0,logistic,isotonic,0.007619047619047618,15
2023,1179,0,logistic,isotonic,0.0,32
2023,1181,0,logistic,isotonic,0.018744047619047622,7
2023,1192,0,logistic,isotonic,0.0,33
2023,1194,0,logistic,isotonic,0.0,34
2023,1202,0,logistic,isotonic,0.0,35
2023,1211,0,logistic,isotonic,0.008,10
2023,1213,0,logistic,isotonic,0.0,36
2023,1222,0,logistic,isotonic,0.12750357017582187,1
2023,1224,0,logistic,isotonic,0.0,37
2023,1228,0,logistic,isotonic,0.0,38
2023,1231,0,logistic,isotonic,0.008,11
2023,1233,0,logistic,isotonic,0.008,12
2023,1234,0,logistic,isotonic,0.0,39
2023,1235,0,logistic,isotonic,0.0,40
2023,1242,0,logistic,isotonic,0.007619047619047618,16
2023,1243,0,logistic,isotonic,0.0047619047619047615,18
2023,1244,0,logistic,isotonic,0.0,41
2023,1245,0,logistic,isotonic,0.0,42
2023,1246,0,logistic,isotonic,0.0,43
2023,1266,0,logistic,isotonic,0.025477090006066683,4
2023,1268,0,logistic,isotonic,0.0,44
2023,1272,0,logistic,isotonic,0.012903225806451613,9
2023,1274,0,logistic,isotonic,0.008,13
2023,1277,0,logistic,isotonic,0.0,45
2023,1280,0,logistic,isotonic,0.0,46
2023,1281,0,logistic,isotonic,0.0,47
2023,1286,0,logistic,isotonic,0.0,48
2023,1297,0,logistic,isotonic,0.0,49
2023,1301,0,logistic,isotonic,0.0,50
2023,1305,0,logistic,isotonic,0.0,51
2023,1321,0,logistic,isotonic,0.0012883271953925703,22
2023,1331,0,logistic,isotonic,0.003125,21
2023,1336,0,logistic,isotonic,0.0,52
2023,1338,0,logistic,isotonic,0.0,53
2023,1343,0,logistic,isotonic,0.0,54
2023,1344,0,logistic,isotonic,0.0,55
2023,1345,0,logistic,isotonic,0.0047619047619047615,19
2023,1361,0,logistic,isotonic,0.0,56
2023,1364,0,logistic,isotonic,0.0,57
2023,1369,0,logistic,isotonic,0.0,58
2023,1388,0,logistic,isotonic,0.0012817370876075506,23
2023,1394,0,logistic,isotonic,0.0,59
2023,1395,0,logistic,isotonic,0.0047619047619047615,20
2023,1397,0,logistic,isotonic,0.020522273425499234,6
2023,1400,0,logistic,isotonic,0.016741432959433193,8
2023,1401,0,logistic,isotonic,0.005982142857142857,17
2023,1411,0,logistic,isotonic,0.0,60
2023,1417,0,logistic,isotonic,0.020790130568356373,5
2023,1418,0,logistic,isotonic,0.0,61
2023,1421,0,logistic,isotonic,0.0,62
2023,1425,0,logistic,isotonic,0.0,63
2023,1429,0,logistic,isotonic,0.0,64
2023,1433,0,logistic,isotonic,0.0,65
2023,1436,0,logistic,isotonic,0.0,66
2023,1438,0,logistic,isotonic,0.0,67
2023,1452,0,logistic,isotonic,0.0,68
2023,1462,0,logistic,isotonic,0.008,14
2024,1103,0,logistic,isotonic,0.0,36
2024,1104,0,logistic,isotonic,0.05455357142857144,7
2024,1112,0,logistic,isotonic,0.023647273425499233,12
2024,1120,0,logistic,isotonic,0.09008470695970695,3
2024,1124,0,logistic,isotonic,0.020790130568356373,15
2024,1129,0,logistic,isotonic,0.0,37
2024,1140,0,logistic,isotonic,0.015619047619047621,26
2024,1155,0,logistic,isotonic,0.008,29
2024,1158,0,logistic,isotonic,0.0,38
2024,1159,0,logistic,isotonic,0.0,39
2024,1160,0,logistic,isotonic,0.017665130568356373,21
2024,1161,0,logistic,isotonic,0.0,40
2024,1163,1,logistic,isotonic,0.15867398800996976,1
2024,1166,0,logistic,isotonic,0.07663428641251221,5
2024,1173,0,logistic,isotonic,0.0,41
2024,1179,0,logistic,isotonic,0.0,42
2024,1181,0,logistic,isotonic,0.05455357142857144,8
2024,1182,0,logistic,isotonic,0.0,43
2024,1194,0,logistic,isotonic,0.0,44
2024,1196,0,logistic,isotonic,0.023647273425499233,13
2024,1211,0,logistic,isotonic,0.06151327838827839,6
2024,1212,0,logistic,isotonic,0.0,45
2024,1213,0,logistic,isotonic,0.0,46
2024,1222,0,logistic,isotonic,0.13476190476190475,2
2024,1224,0,logistic,isotonic,0.0,47
2024,1228,0,logistic,isotonic,0.020522273425499234,18
2024,1235,0,logistic,isotonic,0.05441650419473,9
2024,1241,0,logistic,isotonic,0.0,48
2024,1242,0,logistic,isotonic,0.007619047619047618,31
2024,1246,0,logistic,isotonic,0.030744047619047622,11
2024,1253,0,logistic,isotonic,0.0,49
2024,1255,0,logistic,isotonic,0.0,50
2024,1266,0,logistic,isotonic,0.05441650419473,10
2024,1270,0,logistic,isotonic,0.003125,32
2024,1277,0,logistic,isotonic,0.008,30
2024,1280,0,logistic,isotonic,0.0,51
2024,1286,0,logistic,isotonic,0.0,52
2024,1287,0,logistic,isotonic,0.0,53
2024,1301,0,logistic,isotonic,0.0,54
2024,1304,0,logistic,isotonic,0.018744047619047622,20
2024,1305,0,logistic,isotonic,0.0,55
2024,1307,0,logistic,isotonic,0.011125,28
2024,1314,0,logistic,isotonic,0.020790130568356373,16
2024,1321,0,logistic,isotonic,0.002292287178800199,33
2024,1324,0,logistic,isotonic,0.0,56
2024,1332,0,logistic,isotonic,0.0,57
2024,1345,0,logistic,isotonic,0.020790130568356373,17
2024,1355,0,logistic,isotonic,0.0,58
2024,1359,0,logistic,isotonic,0.0010508584464196714,35
2024,1361,0,logistic,isotonic,0.001148948619868684,34
2024,1376,0,logistic,isotonic,0.015886904761904762,23
2024,1388,0,logistic,isotonic,0.015886904761904762,24
2024,1389,0,logistic,isotonic,0.0,59
2024,1391,0,logistic,isotonic,0.0,60
2024,1395,0,logistic,isotonic,0.017665130568356373,22
2024,1397,0,logistic,isotonic,0.08532280219780221,4
2024,1400,0,logistic,isotonic,0.020522273425499234,19
2024,1401,0,logistic,isotonic,0.013982142857142856,27
2024,1403,0,logistic,isotonic,0.023647273425499233,14
2024,1412,0,logistic,isotonic,0.0,61
2024,1429,0,logistic,isotonic,0.0,62
2024,1436,0,logistic,isotonic,0.0,63
2024,1438,0,logistic,isotonic,0.0,64
2024,1443,0,logistic,isotonic,0.0,65
2024,1447,0,logistic,isotonic,0.0,66
2024,1450,0,logistic,isotonic,0.0,67
2024,1458,0,logistic,isotonic,0.015886904761904762,25
2024,1463,0,logistic,isotonic,0.0,68
2025,1103,0,logistic,isotonic,0.0,44
2025,1104,0,logistic,isotonic,0.13343455603064674,4
2025,1106,0,logistic,isotonic,0.0,45
2025,1110,0,logistic,isotonic,0.0,46
2025,1112,0,logistic,isotonic,0.04745679723502304,17
2025,1116,0,logistic,isotonic,0.0,47
2025,1120,0,logistic,isotonic,0.0975476612612707,9
2025,1124,0,logistic,isotonic,0.023647273425499233,20
2025,1136,0,logistic,isotonic,0.0,48
2025,1140,0,logistic,isotonic,0.026320543719028526,19
2025,1155,0,logistic,isotonic,0.11195970695970694,6
2025,1161,0,logistic,isotonic,0.007619047619047618,40
2025,1163,0,logistic,isotonic,0.05142857142857142,15
2025,1166,0,logistic,isotonic,0.015619047619047621,32
2025,1179,0,logistic,isotonic,0.0,49
2025,1181,0,logistic,isotonic,0.15917748917748917,1
2025,1188,0,logistic,isotonic,0.0,50
2025,1196,1,logistic,isotonic,0.15917748917748917,2
2025,1208,0,logistic,isotonic,0.05441650419473,14
2025,1211,0,logistic,isotonic,0.08532280219780221,11
2025,1213,0,logistic,isotonic,0.0,51
2025,1219,0,logistic,isotonic,0.0,52
2025,1222,0,logistic,isotonic,0.13476190476190475,3
2025,1228,0,logistic,isotonic,0.06696915584415583,13
2025,1235,0,logistic,isotonic,0.09811176544274974,8
2025,1242,0,logistic,isotonic,0.08532280219780221,12
2025,1246,0,logistic,isotonic,0.017665130568356373,28
2025,1251,0,logistic,isotonic,0.0,53
2025,1252,0,logistic,isotonic,0.007619047619047618,41
2025,1257,0,logistic,isotonic,0.010744047619047618,38
2025,1266,0,logistic,isotonic,0.018744047619047622,27
2025,1268,0,logistic,isotonic,0.023647273425499233,21
2025,1270,0,logistic,isotonic,0.011125,36
2025,1272,0,logistic,isotonic,0.016028225806451614,29
2025,1276,0,logistic,isotonic,0.0047619047619047615,42
2025,1277,0,logistic,isotonic,0.020790130568356373,24
2025,1279,0,logistic,isotonic,0.015886904761904762,30
2025,1280,0,logistic,isotonic,0.04951327838827839,16
2025,1281,0,logistic,isotonic,0.023647273425499233,22
2025,1285,0,logistic,isotonic,0.0,54
2025,1291,0,logistic,isotonic,0.0,55
2025,1303,0,logistic,isotonic,0.0,56
2025,1307,0,logistic,isotonic,0.0,57
2025,1313,0,logistic,isotonic,0.0,58
2025,1314,0,logistic,isotonic,0.0,59
2025,1328,0,logistic,isotonic,0.015619047619047621,33
2025,1332,0,logistic,isotonic,0.007886904761904762,39
2025,1345,0,logistic,isotonic,0.020790130568356373,25
2025,1352,0,logistic,isotonic,0.0,60
2025,1361,0,logistic,isotonic,0.0,61
2025,1384,0,logistic,isotonic,0.0,62
2025,1385,0,logistic,isotonic,0.10241753127469702,7
2025,1388,0,logistic,isotonic,0.015886904761904762,31
2025,1397,0,logistic,isotonic,0.09008470695970695,10
2025,1400,0,logistic,isotonic,0.010857142857142857,37
2025,1401,0,logistic,isotonic,0.020790130568356373,26
2025,1403,0,logistic,isotonic,0.13119047619047616,5
2025,1407,0,logistic,isotonic,0.0,63
2025,1417,0,logistic,isotonic,0.012761904761904763,35
2025,1423,0,logistic,isotonic,0.0,64
2025,1429,0,logistic,isotonic,0.0,65
2025,1433,0,logistic,isotonic,0.023647273425499233,23
2025,1435,0,logistic,isotonic,0.015619047619047621,34
2025,1458,0,logistic,isotonic,0.04745679723502304,18
2025,1459,0,logistic,isotonic,0.0,66
2025,1462,0,logistic,isotonic,0.0,67
2025,1463,0,logistic,isotonic,0.0,68
2025,1471,0,logistic,isotonic,0.002468280734471302,43
2022,1103,0,tree,raw,1.5972727603265245e-08,67
2022,1104,0,tree,raw,1.5737617027406552e-06,17
2022,1112,0,tree,raw,6.204919957751741e-05,6
2022,1116,0,tree,raw,4.7895080514243204e-06,13
2022,1120,0,tree,raw,3.677751747060759e-06,14
2022,1124,0,tree,raw,2.7389035407741987e-05,7
2022,1129,0,tree,raw,8.417118129819705e-08,47
2022,1136,0,tree,raw,1.250963534273366e-07,40
2022,1151,0,tree,raw,1.7777459209702575e-06,16
2022,1159,0,tree,raw,4.749488182363143e-07,29
2022,1161,0,tree,raw,5.089201805500634e-07,28
2022,1163,0,tree,raw,3.3072163084791476e-06,15
2022,1166,0,tree,raw,2.845438132282042e-07,36
2022,1168,0,tree,raw,6.4370994301868e-08,53
2022,1172,0,tree,raw,1.607626583156211e-07,38
2022,1174,0,tree,raw,3.382480191854663e-08,62
2022,1181,0,tree,raw,2.461941425752784e-05,8
2022,1209,0,tree,raw,6.284341505522719e-07,22
2022,1211,0,tree,raw,0.00015349123691885854,3
2022,1222,0,tree,raw,5.821418444120325e-07,24
2022,1228,0,tree,raw,6.408471520629818e-08,54
2022,1231,0,tree,raw,9.460443397750249e-08,44
2022,1234,0,tree,raw,0.00010436461786141022,4
2022,1235,0,tree,raw,3.8039280023363426e-07,32
2022,1240,0,tree,raw,8.394460790155211e-08,48
2022,1242,1,tree,raw,6.417912548515385e-05,5
2022,1246,0,tree,raw,0.01646380322885166,1
2022,1255,0,tree,raw,8.619029183063123e-08,46
2022,1260,0,tree,raw,2.4339776490326554e-05,9
2022,1261,0,tree,raw,4.1851315394763854e-08,61
2022,1266,0,tree,raw,5.58117091819036e-07,27
2022,1272,0,tree,raw,2.9052805588040555e-07,35
2022,1274,0,tree,raw,5.155898437256463e-08,58
2022,1276,0,tree,raw,1.8241616242655535e-07,37
2022,1277,0,tree,raw,6.677385896718608e-08,52
2022,1286,0,tree,raw,5.541804183608027e-08,56
2022,1293,0,tree,raw,6.195331049315536e-07,23
2022,1308,0,tree,raw,6.86294739492387e-08,51
2022,1313,0,tree,raw,1.0527182222584062e-07,41
2022,1314,0,tree,raw,1.0155212723382855e-07,43
2022,1323,0,tree,raw,6.942201022564303e-08,50
2022,1326,0,tree,raw,2.729513791018422e-08,64
2022,1344,0,tree,raw,5.3686024538274406e-08,57
2022,1345,0,tree,raw,1.435733569836654e-06,18
2022,1350,0,tree,raw,1.2531636220225405e-07,39
2022,1353,0,tree,raw,3.5518087585532707e-07,34
2022,1355,0,tree,raw,7.20588329638469e-08,49
2022,1361,0,tree,raw,5.127147737838627e-08,59
2022,1362,0,tree,raw,5.688313423866273e-06,12
2022,1371,0,tree,raw,1.2776403515155491e-06,19
2022,1388,0,tree,raw,1.1906593167267252e-06,20
2022,1389,0,tree,raw,1.6664538876957098e-08,66
2022,1394,0,tree,raw,1.1121164001900558e-08,68
2022,1395,0,tree,raw,9.304352373463395e-08,45
2022,1397,0,tree,raw,6.647402456884754e-06,11
2022,1400,0,tree,raw,3.555807681056216e-07,33
2022,1403,0,tree,raw,9.924858033461223e-07,21
2022,1411,0,tree,raw,3.026763196343682e-08,63
2022,1412,0,tree,raw,5.693934277789261e-07,25
2022,1417,0,tree,raw,7.0141420558224445e-06,10
2022,1425,0,tree,raw,6.022606014026331e-08,55
2022,1436,0,tree,raw,5.663458919650213e-07,26
2022,1437,0,tree,raw,0.0009012805434382041,2
2022,1439,0,tree,raw,1.0367207759624417e-07,42
2022,1458,0,tree,raw,4.0293131098796643e-07,31
2022,1460,0,tree,raw,5.0445218898556045e-08,60
2022,1461,0,tree,raw,4.545695012956686e-07,30
2022,1463,0,tree,raw,2.7246179516874786e-08,65
2023,1104,0,tree,raw,0.0003706822917210246,2
2023,1112,0,tree,raw,6.582294919654456e-05,5
2023,1113,0,tree,raw,2.028973998832278e-07,37
2023,1116,0,tree,raw,1.334697479368336e-07,43
2023,1120,0,tree,raw,2.370668334029806e-07,35
2023,1124,0,tree,raw,1.783528354037864e-06,16
2023,1129,0,tree,raw,2.5034099405694562e-08,63
2023,1158,0,tree,raw,9.773267602754071e-06,9
2023,1159,0,tree,raw,3.1978901367610556e-07,29
2023,1163,1,tree,raw,2.0105400752808737e-05,7
2023,1166,0,tree,raw,4.406750701363137e-06,14
2023,1179,0,tree,raw,2.406745241671976e-07,34
2023,1181,0,tree,raw,6.049647947214022e-06,11
2023,1192,0,tree,raw,1.1104889879754882e-07,46
2023,1194,0,tree,raw,4.015017741188117e-05,6
2023,1202,0,tree,raw,3.818501383370222e-07,26
2023,1211,0,tree,raw,0.00013852083527467296,3
2023,1213,0,tree,raw,1.624076171173344e-08,68
2023,1222,0,tree,raw,0.00013184452894292803,4
2023,1224,0,tree,raw,3.2953147093708295e-08,58
2023,1228,0,tree,raw,5.898829725057866e-06,12
2023,1231,0,tree,raw,3.760441384787552e-07,27
2023,1233,0,tree,raw,8.093821639552664e-07,19
2023,1234,0,tree,raw,1.0650349206911192e-07,47
2023,1235,0,tree,raw,2.9537534735258976e-08,59
2023,1242,0,tree,raw,5.584064342481289e-06,13
2023,1243,0,tree,raw,8.957634886839831e-08,48
2023,1244,0,tree,raw,1.821505093616787e-08,67
2023,1245,0,tree,raw,2.4170724433341652e-08,65
2023,1246,0,tree,raw,4.663276662806703e-07,25
2023,1266,0,tree,raw,9.942816282705176e-06,8
2023,1268,0,tree,raw,1.345616052814008e-07,42
2023,1272,0,tree,raw,5.425138407944668e-07,24
2023,1274,0,tree,raw,1.877645070105723e-07,39
2023,1277,0,tree,raw,3.3742225611023854e-08,57
2023,1280,0,tree,raw,1.4489732605344454e-07,40
2023,1281,0,tree,raw,7.54548811607828e-06,10
2023,1286,0,tree,raw,4.798180651221212e-08,54
2023,1297,0,tree,raw,3.2373229078663076e-07,28
2023,1301,0,tree,raw,6.255777866380859e-07,23
2023,1305,0,tree,raw,2.3013412718358886e-07,36
2023,1321,0,tree,raw,6.986163394157716e-08,51
2023,1331,0,tree,raw,1.296967592506085e-06,17
2023,1336,0,tree,raw,2.9191729845022852e-06,15
2023,1338,0,tree,raw,2.9048170326484674e-07,32
2023,1343,0,tree,raw,6.42429566864602e-08,52
2023,1344,0,tree,raw,6.977855170139372e-07,21
2023,1345,0,tree,raw,3.0423720930697323e-07,31
2023,1361,0,tree,raw,1.1802133164514176e-07,45
2023,1364,0,tree,raw,2.5436312419669598e-08,62
2023,1369,0,tree,raw,2.4870192847574657e-08,64
2023,1388,0,tree,raw,1.301365868867553e-07,44
2023,1394,0,tree,raw,2.9115441186997146e-08,60
2023,1395,0,tree,raw,9.483930548491619e-07,18
2023,1397,0,tree,raw,7.224550637749274e-07,20
2023,1400,0,tree,raw,3.1269770584189016e-07,30
2023,1401,0,tree,raw,8.408480103794322e-08,50
2023,1411,0,tree,raw,2.1045455567071035e-08,66
2023,1417,0,tree,raw,0.0006090716964069107,1
2023,1418,0,tree,raw,5.1623742894162976e-08,53
2023,1421,0,tree,raw,2.5620824593230823e-07,33
2023,1425,0,tree,raw,2.8624926945809727e-08,61
2023,1429,0,tree,raw,1.952902697112679e-07,38
2023,1433,0,tree,raw,1.3550796788608684e-07,41
2023,1436,0,tree,raw,4.380427304075344e-08,55
2023,1438,0,tree,raw,8.427828002098206e-08,49
2023,1452,0,tree,raw,3.38668068922736e-08,56
2023,1462,0,tree,raw,6.79190393861039e-07,22
2024,1103,0,tree,raw,3.017106913540801e-08,64
2024,1104,0,tree,raw,7.78030865353395e-06,16
2024,1112,0,tree,raw,0.21622579420560262,1
2024,1120,0,tree,raw,0.0003132084064727944,3
2024,1124,0,tree,raw,4.5040654472021126e-06,18
2024,1129,0,tree,raw,3.18504256619166e-08,63
2024,1140,0,tree,raw,7.575924060804382e-07,29
2024,1155,0,tree,raw,3.1608799766484903e-07,34
2024,1158,0,tree,raw,1.0617457645286073e-06,25
2024,1159,0,tree,raw,1.6346607004127394e-07,43
2024,1160,0,tree,raw,4.195146114531627e-06,19
2024,1161,0,tree,raw,6.454473866423387e-08,53
2024,1163,1,tree,raw,0.018561658768429665,2
2024,1166,0,tree,raw,0.00019637363257048846,4
2024,1173,0,tree,raw,2.1826137652454434e-06,22
2024,1179,0,tree,raw,7.365499575860483e-08,51
2024,1181,0,tree,raw,3.337395147443465e-05,11
2024,1182,0,tree,raw,5.184169555559912e-08,57
2024,1194,0,tree,raw,4.899181635532623e-07,32
2024,1196,0,tree,raw,1.107599374966065e-07,46
2024,1211,0,tree,raw,8.755025527254452e-05,7
2024,1212,0,tree,raw,9.540390373647895e-08,47
2024,1213,0,tree,raw,2.4504588038291217e-07,37
2024,1222,0,tree,raw,3.6226746249277625e-05,10
2024,1224,0,tree,raw,1.5945550514249592e-08,67
2024,1228,0,tree,raw,8.284601594486109e-05,8
2024,1235,0,tree,raw,2.7107970210177436e-05,14
2024,1241,0,tree,raw,1.7576668099076474e-07,42
2024,1242,0,tree,raw,2.929367505549284e-06,20
2024,1246,0,tree,raw,7.501574714554855e-05,9
2024,1253,0,tree,raw,5.343311612729516e-08,55
2024,1255,0,tree,raw,1.1300458123584571e-08,68
2024,1266,0,tree,raw,0.00011478153413784113,6
2024,1270,0,tree,raw,3.959252977970462e-08,60
2024,1277,0,tree,raw,8.609823261329485e-07,27
2024,1280,0,tree,raw,1.7836241051882995e-06,23
2024,1286,0,tree,raw,2.0006933414685146e-08,65
2024,1287,0,tree,raw,9.493854548523594e-08,48
2024,1301,0,tree,raw,3.8941908562418045e-07,33
2024,1304,0,tree,raw,2.034940371049457e-05,15
2024,1305,0,tree,raw,4.768367585065556e-08,58
2024,1307,0,tree,raw,2.968029224876958e-05,13
2024,1314,0,tree,raw,8.263204541037672e-07,28
2024,1321,0,tree,raw,5.7886136146838234e-08,54
2024,1324,0,tree,raw,9.581231479530895e-07,26
2024,1332,0,tree,raw,3.253780018865601e-08,62
2024,1345,0,tree,raw,2.9681013261164105e-05,12
2024,1355,0,tree,raw,6.578790017473198e-08,52
2024,1359,0,tree,raw,1.6008754859781065e-07,44
2024,1361,0,tree,raw,1.2847646541824352e-07,45
2024,1376,0,tree,raw,1.8440202271426462e-07,41
2024,1388,0,tree,raw,6.580356264441339e-07,31
2024,1389,0,tree,raw,3.663633330774982e-08,61
2024,1391,0,tree,raw,1.8576561441904047e-08,66
2024,1395,0,tree,raw,2.676241314320329e-06,21
2024,1397,0,tree,raw,0.0001888771156003976,5
2024,1400,0,tree,raw,1.9957666612334358e-07,40
2024,1401,0,tree,raw,4.659999126100835e-06,17
2024,1403,0,tree,raw,6.964844052994805e-07,30
2024,1412,0,tree,raw,3.0022830091952855e-07,35
2024,1429,0,tree,raw,2.463852215611312e-07,36
2024,1436,0,tree,raw,2.1719814464356275e-07,39
2024,1438,0,tree,raw,2.3403548728434323e-07,38
2024,1443,0,tree,raw,5.201850822255873e-08,56
2024,1447,0,tree,raw,9.338688500942161e-08,49
2024,1450,0,tree,raw,4.047225902199372e-08,59
2024,1458,0,tree,raw,8.816611246501371e-08,50
2024,1463,0,tree,raw,1.3798411052402287e-06,24
2025,1103,0,tree,raw,2.2322949092379716e-06,29
2025,1104,0,tree,raw,0.0002587144958468312,7
2025,1106,0,tree,raw,2.883669226743589e-06,28
2025,1110,0,tree,raw,5.204158070155074e-08,62
2025,1112,0,tree,raw,9.440494225631406e-06,22
2025,1116,0,tree,raw,2.1720422404569857e-07,50
2025,1120,0,tree,raw,0.01230283359785074,4
2025,1124,0,tree,raw,4.567568932591314e-07,46
2025,1136,0,tree,raw,4.674812818453678e-07,45
2025,1140,0,tree,raw,9.228558829912931e-07,40
2025,1155,0,tree,raw,1.8615424465406803e-06,31
2025,1161,0,tree,raw,1.6355217543648143e-07,52
2025,1163,0,tree,raw,1.5253041599724336e-06,32
2025,1166,0,tree,raw,1.770528531493672e-05,15
2025,1179,0,tree,raw,5.516778649532847e-08,61
2025,1181,0,tree,raw,0.02321284034996779,2
2025,1188,0,tree,raw,8.651780524187093e-09,68
2025,1196,1,tree,raw,6.28758536948324e-05,11
2025,1208,0,tree,raw,4.0684773473728175e-06,26
2025,1211,0,tree,raw,0.017111113420777504,3
2025,1213,0,tree,raw,1.240004173199897e-07,56
2025,1219,0,tree,raw,8.935510622702787e-08,58
2025,1222,0,tree,raw,0.000579811038300249,6
2025,1228,0,tree,raw,1.3691761019248985e-06,34
2025,1235,0,tree,raw,0.00020863377154260794,8
2025,1242,0,tree,raw,1.3300129252839146e-05,18
2025,1246,0,tree,raw,3.2024472578474046e-06,27
2025,1251,0,tree,raw,1.2116121873275549e-06,37
2025,1252,0,tree,raw,1.577361571051316e-05,16
2025,1257,0,tree,raw,9.611379545795563e-05,10
2025,1266,0,tree,raw,4.2071357623766576e-05,12
2025,1268,0,tree,raw,1.829001695988168e-05,14
2025,1270,0,tree,raw,1.0405814484578788e-06,38
2025,1272,0,tree,raw,6.342960527976594e-07,43
2025,1276,0,tree,raw,2.643784889443688e-05,13
2025,1277,0,tree,raw,1.9101915424429325e-06,30
2025,1279,0,tree,raw,4.250416135297511e-06,25
2025,1280,0,tree,raw,7.021216055447127e-07,42
2025,1281,0,tree,raw,9.951383380473239e-06,21
2025,1285,0,tree,raw,1.1675370562905589e-07,57
2025,1291,0,tree,raw,1.8702706938795706e-07,51
2025,1303,0,tree,raw,1.747446058595025e-08,66
2025,1307,0,tree,raw,1.2652792688783591e-06,36
2025,1313,0,tree,raw,1.5111695314259013e-08,67
2025,1314,0,tree,raw,8.693985671476261e-08,59
2025,1328,0,tree,raw,4.1840689359976604e-07,48
2025,1332,0,tree,raw,7.612428348772633e-06,23
2025,1345,0,tree,raw,1.4532620234247808e-07,54
2025,1352,0,tree,raw,8.379138871546058e-07,41
2025,1361,0,tree,raw,4.7685782434914325e-08,63
2025,1384,0,tree,raw,4.2699255896462775e-07,47
2025,1385,0,tree,raw,1.1493400068871626e-05,19
2025,1388,0,tree,raw,5.923461563520945e-07,44
2025,1397,0,tree,raw,0.004142002321189768,5
2025,1400,0,tree,raw,2.9005524493793258e-08,65
2025,1401,0,tree,raw,1.0919924746227647e-05,20
2025,1403,0,tree,raw,0.050963942056036216,1
2025,1407,0,tree,raw,9.656748599920574e-07,39
2025,1417,0,tree,raw,6.850793628077224e-08,60
2025,1423,0,tree,raw,1.286529114910537e-07,55
2025,1429,0,tree,raw,1.6233858684453363e-07,53
2025,1433,0,tree,raw,1.4786586395903227e-05,17
2025,1435,0,tree,raw,1.3574355013755713e-06,35
2025,1458,0,tree,raw,0.00011621043445659936,9
2025,1459,0,tree,raw,3.5597515723678804e-08,64
2025,1462,0,tree,raw,4.757852131432205e-06,24
2025,1463,0,tree,raw,3.105809218939011e-07,49
2025,1471,0,tree,raw,1.5034491694469905e-06,33
2022,1103,0,tree,sigmoid,0.007747259055289659,67
2022,1104,0,tree,sigmoid,0.012557359251277017,25
2022,1112,0,tree,sigmoid,0.0855465749919039,3
2022,1116,0,tree,sigmoid,0.015016038086886497,18
2022,1120,0,tree,sigmoid,0.02056045475918357,10
2022,1124,0,tree,sigmoid,0.04319311037170871,4
2022,1129,0,tree,sigmoid,0.008766003919281153,52
2022,1136,0,tree,sigmoid,0.010901826931819524,37
2022,1151,0,tree,sigmoid,0.01154197539198067,32
2022,1159,0,tree,sigmoid,0.012987069582951987,24
2022,1161,0,tree,sigmoid,0.012466889434415762,26
2022,1163,0,tree,sigmoid,0.017412949342111003,16
2022,1166,0,tree,sigmoid,0.013194630363740172,22
2022,1168,0,tree,sigmoid,0.008156955880365505,63
2022,1172,0,tree,sigmoid,0.008575176437508903,56
2022,1174,0,tree,sigmoid,0.008623559173703426,55
2022,1181,0,tree,sigmoid,0.026618364431371354,7
2022,1209,0,tree,sigmoid,0.011742385836117145,30
2022,1211,0,tree,sigmoid,0.09190060497439025,2
2022,1222,0,tree,sigmoid,0.02613099187629827,8
2022,1228,0,tree,sigmoid,0.009466511942354936,44
2022,1231,0,tree,sigmoid,0.009131024546752391,48
2022,1234,0,tree,sigmoid,0.024563975969278336,9
2022,1235,0,tree,sigmoid,0.00990478971372493,42
2022,1240,0,tree,sigmoid,0.008523727402454927,57
2022,1242,1,tree,sigmoid,0.0299232385476566,6
2022,1246,0,tree,sigmoid,0.1099152139850855,1
2022,1255,0,tree,sigmoid,0.01073077890096554,38
2022,1260,0,tree,sigmoid,0.01812502313014365,15
2022,1261,0,tree,sigmoid,0.011727717777031422,31
2022,1266,0,tree,sigmoid,0.011518945885061728,33
2022,1272,0,tree,sigmoid,0.010557395047883047,40
2022,1274,0,tree,sigmoid,0.007684525795368245,68
2022,1276,0,tree,sigmoid,0.00969709563427826,43
2022,1277,0,tree,sigmoid,0.008502550853581075,58
2022,1286,0,tree,sigmoid,0.008331259518076358,59
2022,1293,0,tree,sigmoid,0.01064223156822232,39
2022,1308,0,tree,sigmoid,0.00929316114706435,47
2022,1313,0,tree,sigmoid,0.010072236327676292,41
2022,1314,0,tree,sigmoid,0.013185878167192966,23
2022,1323,0,tree,sigmoid,0.0089399795042916,49
2022,1326,0,tree,sigmoid,0.008019839193591716,65
2022,1344,0,tree,sigmoid,0.008811903398870677,51
2022,1345,0,tree,sigmoid,0.01854970480790146,13
2022,1350,0,tree,sigmoid,0.008312369520424849,60
2022,1353,0,tree,sigmoid,0.00869526983369723,54
2022,1355,0,tree,sigmoid,0.01321868699599715,21
2022,1361,0,tree,sigmoid,0.0086973996000803,53
2022,1362,0,tree,sigmoid,0.014929798901799976,19
2022,1371,0,tree,sigmoid,0.01206313535008806,28
2022,1388,0,tree,sigmoid,0.018207308682584238,14
2022,1389,0,tree,sigmoid,0.008247448779557109,62
2022,1394,0,tree,sigmoid,0.008057077101931584,64
2022,1395,0,tree,sigmoid,0.009426329514762999,46
2022,1397,0,tree,sigmoid,0.020494655538837926,11
2022,1400,0,tree,sigmoid,0.01370771864165895,20
2022,1403,0,tree,sigmoid,0.016879075562099267,17
2022,1411,0,tree,sigmoid,0.008307876834393024,61
2022,1412,0,tree,sigmoid,0.011929823286929712,29
2022,1417,0,tree,sigmoid,0.019075564416560338,12
2022,1425,0,tree,sigmoid,0.0094599901843234,45
2022,1436,0,tree,sigmoid,0.011314096286704323,34
2022,1437,0,tree,sigmoid,0.03304911976902339,5
2022,1439,0,tree,sigmoid,0.011046139514235248,35
2022,1458,0,tree,sigmoid,0.012125450145175432,27
2022,1460,0,tree,sigmoid,0.00891557386296717,50
2022,1461,0,tree,sigmoid,0.010973561368621373,36
2022,1463,0,tree,sigmoid,0.007904689023592627,66
2023,1104,0,tree,sigmoid,0.034107068379926046,3
2023,1112,0,tree,sigmoid,0.023139619627296895,7
2023,1113,0,tree,sigmoid,0.009955734314154488,45
2023,1116,0,tree,sigmoid,0.01018981238741309,40
2023,1120,0,tree,sigmoid,0.010477526811335295,39
2023,1124,0,tree,sigmoid,0.02051286152533387,9
2023,1129,0,tree,sigmoid,0.007813311508302922,65
2023,1158,0,tree,sigmoid,0.01794815222260033,12
2023,1159,0,tree,sigmoid,0.013884697949552516,18
2023,1163,1,tree,sigmoid,0.028962497730138304,5
2023,1166,0,tree,sigmoid,0.016505378397563598,15
2023,1179,0,tree,sigmoid,0.009787531379348962,47
2023,1181,0,tree,sigmoid,0.024841721755759282,6
2023,1192,0,tree,sigmoid,0.009167648712080433,53
2023,1194,0,tree,sigmoid,0.0176334606576078,13
2023,1202,0,tree,sigmoid,0.010669450998003413,35
2023,1211,0,tree,sigmoid,0.03331875983805331,4
2023,1213,0,tree,sigmoid,0.007688967762168067,66
2023,1222,0,tree,sigmoid,0.07245911599960565,1
2023,1224,0,tree,sigmoid,0.009995497644555292,43
2023,1228,0,tree,sigmoid,0.013857887915786496,19
2023,1231,0,tree,sigmoid,0.010086942467060619,41
2023,1233,0,tree,sigmoid,0.012338808679221139,26
2023,1234,0,tree,sigmoid,0.009981200738439866,44
2023,1235,0,tree,sigmoid,0.008543877136054178,56
2023,1242,0,tree,sigmoid,0.018916300959432232,11
2023,1243,0,tree,sigmoid,0.00926996730549345,51
2023,1244,0,tree,sigmoid,0.007169259986934104,67
2023,1245,0,tree,sigmoid,0.00802698840885646,61
2023,1246,0,tree,sigmoid,0.011971433722055353,27
2023,1266,0,tree,sigmoid,0.01645631750443218,16
2023,1268,0,tree,sigmoid,0.011165820852274286,30
2023,1272,0,tree,sigmoid,0.011520845975571695,29
2023,1274,0,tree,sigmoid,0.010590726824798804,36
2023,1277,0,tree,sigmoid,0.008132638657455355,59
2023,1280,0,tree,sigmoid,0.011809373976277338,28
2023,1281,0,tree,sigmoid,0.014753063377823972,17
2023,1286,0,tree,sigmoid,0.008058160154847737,60
2023,1297,0,tree,sigmoid,0.009615070233073422,48
2023,1301,0,tree,sigmoid,0.01091408914941865,33
2023,1305,0,tree,sigmoid,0.009540351663738317,49
2023,1321,0,tree,sigmoid,0.01059055188991611,37
2023,1331,0,tree,sigmoid,0.021315327859762728,8
2023,1336,0,tree,sigmoid,0.0123950726083174,25
2023,1338,0,tree,sigmoid,0.010847152235992927,34
2023,1343,0,tree,sigmoid,0.007989586693209715,63
2023,1344,0,tree,sigmoid,0.013503412244758706,22
2023,1345,0,tree,sigmoid,0.013649334202592355,21
2023,1361,0,tree,sigmoid,0.009805462722978674,46
2023,1364,0,tree,sigmoid,0.008133844692967789,58
2023,1369,0,tree,sigmoid,0.007069497814718195,68
2023,1388,0,tree,sigmoid,0.013122784991433828,24
2023,1394,0,tree,sigmoid,0.008842713989106552,54
2023,1395,0,tree,sigmoid,0.01348334310238298,23
2023,1397,0,tree,sigmoid,0.016903724005141726,14
2023,1400,0,tree,sigmoid,0.01368306962519569,20
2023,1401,0,tree,sigmoid,0.010989649484348812,32
2023,1411,0,tree,sigmoid,0.00801590275866203,62
2023,1417,0,tree,sigmoid,0.05909944486411308,2
2023,1418,0,tree,sigmoid,0.00817806607814628,57
2023,1421,0,tree,sigmoid,0.009477081067827874,50
2023,1425,0,tree,sigmoid,0.00791495764805998,64
2023,1429,0,tree,sigmoid,0.01103507414659137,31
2023,1433,0,tree,sigmoid,0.01002256060308043,42
2023,1436,0,tree,sigmoid,0.010524357149704728,38
2023,1438,0,tree,sigmoid,0.008809463170685209,55
2023,1452,0,tree,sigmoid,0.009244868351334317,52
2023,1462,0,tree,sigmoid,0.019322760535363824,10
2024,1103,0,tree,sigmoid,0.0073543344031593546,67
2024,1104,0,tree,sigmoid,0.023173324426429796,12
2024,1112,0,tree,sigmoid,0.12929423971653034,2
2024,1120,0,tree,sigmoid,0.05937628920375605,3
2024,1124,0,tree,sigmoid,0.02033256151579929,16
2024,1129,0,tree,sigmoid,0.00987516218863418,47
2024,1140,0,tree,sigmoid,0.01635136365967,23
2024,1155,0,tree,sigmoid,0.008125448830466554,61
2024,1158,0,tree,sigmoid,0.01315910254231058,28
2024,1159,0,tree,sigmoid,0.009377684456246146,50
2024,1160,0,tree,sigmoid,0.019993381512011472,17
2024,1161,0,tree,sigmoid,0.008710409452751696,55
2024,1163,1,tree,sigmoid,0.19830130981429084,1
2024,1166,0,tree,sigmoid,0.029409787987612422,10
2024,1173,0,tree,sigmoid,0.01725883738045702,21
2024,1179,0,tree,sigmoid,0.010818849230380453,41
2024,1181,0,tree,sigmoid,0.020644589036857234,15
2024,1182,0,tree,sigmoid,0.00804437076191397,62
2024,1194,0,tree,sigmoid,0.010503836060437899,43
2024,1196,0,tree,sigmoid,0.015092817378321619,26
2024,1211,0,tree,sigmoid,0.0298787020519782,9
2024,1212,0,tree,sigmoid,0.009413759757269245,49
2024,1213,0,tree,sigmoid,0.008286252770501322,58
2024,1222,0,tree,sigmoid,0.05343086656628017,4
2024,1224,0,tree,sigmoid,0.00824249045467713,59
2024,1228,0,tree,sigmoid,0.036823419112035495,8
2024,1235,0,tree,sigmoid,0.04293831142072951,7
2024,1241,0,tree,sigmoid,0.011157734483389662,40
2024,1242,0,tree,sigmoid,0.012460118894576882,34
2024,1246,0,tree,sigmoid,0.0507944274534536,5
2024,1253,0,tree,sigmoid,0.01154267502971083,36
2024,1255,0,tree,sigmoid,0.007767360705792907,63
2024,1266,0,tree,sigmoid,0.025707102320122598,11
2024,1270,0,tree,sigmoid,0.011269452811100082,39
2024,1277,0,tree,sigmoid,0.012496906542867725,32
2024,1280,0,tree,sigmoid,0.01320077491447473,27
2024,1286,0,tree,sigmoid,0.0077094505338454,64
2024,1287,0,tree,sigmoid,0.009826190924928105,48
2024,1301,0,tree,sigmoid,0.009928515511813254,45
2024,1304,0,tree,sigmoid,0.017663784651033704,19
2024,1305,0,tree,sigmoid,0.008824466296779913,54
2024,1307,0,tree,sigmoid,0.015143065231264196,25
2024,1314,0,tree,sigmoid,0.017626098216658708,20
2024,1321,0,tree,sigmoid,0.008413696751172525,57
2024,1324,0,tree,sigmoid,0.012789917696511902,30
2024,1332,0,tree,sigmoid,0.007560429083154177,66
2024,1345,0,tree,sigmoid,0.047307734649286184,6
2024,1355,0,tree,sigmoid,0.008184036380696095,60
2024,1359,0,tree,sigmoid,0.015858366086307033,24
2024,1361,0,tree,sigmoid,0.010598127024844755,42
2024,1376,0,tree,sigmoid,0.010396074813721498,44
2024,1388,0,tree,sigmoid,0.018090766251294153,18
2024,1389,0,tree,sigmoid,0.008521945854264875,56
2024,1391,0,tree,sigmoid,0.009309766102674958,52
2024,1395,0,tree,sigmoid,0.017248698442600054,22
2024,1397,0,tree,sigmoid,0.02209568240944485,13
2024,1400,0,tree,sigmoid,0.009364085148661085,51
2024,1401,0,tree,sigmoid,0.0219667776902528,14
2024,1403,0,tree,sigmoid,0.012917800149656367,29
2024,1412,0,tree,sigmoid,0.011836810755071748,35
2024,1429,0,tree,sigmoid,0.009886106404931696,46
2024,1436,0,tree,sigmoid,0.011362032428220287,37
2024,1438,0,tree,sigmoid,0.011312883810714673,38
2024,1443,0,tree,sigmoid,0.0076850093793522836,65
2024,1447,0,tree,sigmoid,0.008849835186287139,53
2024,1450,0,tree,sigmoid,0.0073284987455812635,68
2024,1458,0,tree,sigmoid,0.012495942401261593,33
2024,1463,0,tree,sigmoid,0.012687233601836989,31
2025,1103,0,tree,sigmoid,0.011816062123660247,44
2025,1104,0,tree,sigmoid,0.030695511302113128,10
2025,1106,0,tree,sigmoid,0.013774177068042685,35
2025,1110,0,tree,sigmoid,0.009084163128215531,62
2025,1112,0,tree,sigmoid,0.022011200592113523,18
2025,1116,0,tree,sigmoid,0.009135652080929766,61
2025,1120,0,tree,sigmoid,0.12830275289239693,2
2025,1124,0,tree,sigmoid,0.010516311163211719,53
2025,1136,0,tree,sigmoid,0.010169549942861619,56
2025,1140,0,tree,sigmoid,0.020591513968057244,20
2025,1155,0,tree,sigmoid,0.011744456199674024,45
2025,1161,0,tree,sigmoid,0.014054333835252291,34
2025,1163,0,tree,sigmoid,0.019131566096001036,21
2025,1166,0,tree,sigmoid,0.015327981097578136,31
2025,1179,0,tree,sigmoid,0.010275613567351361,55
2025,1181,0,tree,sigmoid,0.23239060391193359,1
2025,1188,0,tree,sigmoid,0.006842806223091333,68
2025,1196,1,tree,sigmoid,0.03646537527524858,8
2025,1208,0,tree,sigmoid,0.018567440445511434,22
2025,1211,0,tree,sigmoid,0.05136509862077125,6
2025,1213,0,tree,sigmoid,0.010865223686652648,50
2025,1219,0,tree,sigmoid,0.011516283180757961,47
2025,1222,0,tree,sigmoid,0.05740781830603699,4
2025,1228,0,tree,sigmoid,0.017656244289420177,24
2025,1235,0,tree,sigmoid,0.04261095243487201,7
2025,1242,0,tree,sigmoid,0.017648339591519728,25
2025,1246,0,tree,sigmoid,0.02620474218309199,13
2025,1251,0,tree,sigmoid,0.01547092746330688,30
2025,1252,0,tree,sigmoid,0.023258519168042856,15
2025,1257,0,tree,sigmoid,0.025380840244749875,14
2025,1266,0,tree,sigmoid,0.017262174765947946,26
2025,1268,0,tree,sigmoid,0.02768687865415303,12
2025,1270,0,tree,sigmoid,0.012145535438709745,43
2025,1272,0,tree,sigmoid,0.010717192973958827,52
2025,1276,0,tree,sigmoid,0.012429807492755802,39
2025,1277,0,tree,sigmoid,0.022056090954985834,17
2025,1279,0,tree,sigmoid,0.012170747546048308,42
2025,1280,0,tree,sigmoid,0.013476986123602954,36
2025,1281,0,tree,sigmoid,0.021754355114164743,19
2025,1285,0,tree,sigmoid,0.009301172463196856,59
2025,1291,0,tree,sigmoid,0.00941824379077597,58
2025,1303,0,tree,sigmoid,0.007421127356743169,67
2025,1307,0,tree,sigmoid,0.012364599722176722,41
2025,1313,0,tree,sigmoid,0.008314260693435752,66
2025,1314,0,tree,sigmoid,0.009226715312352033,60
2025,1328,0,tree,sigmoid,0.011663489023416379,46
2025,1332,0,tree,sigmoid,0.016835603871617096,27
2025,1345,0,tree,sigmoid,0.014304303639322035,33
2025,1352,0,tree,sigmoid,0.015561290909527162,29
2025,1361,0,tree,sigmoid,0.009929342974011691,57
2025,1384,0,tree,sigmoid,0.010288522402476127,54
2025,1385,0,tree,sigmoid,0.03259264196386617,9
2025,1388,0,tree,sigmoid,0.013159185338032906,37
2025,1397,0,tree,sigmoid,0.05267070899286996,5
2025,1400,0,tree,sigmoid,0.008984993343881628,63
2025,1401,0,tree,sigmoid,0.01847214780975085,23
2025,1403,0,tree,sigmoid,0.06890368243461906,3
2025,1407,0,tree,sigmoid,0.015120640441116584,32
2025,1417,0,tree,sigmoid,0.008651082794768363,64
2025,1423,0,tree,sigmoid,0.011389288314957832,48
2025,1429,0,tree,sigmoid,0.01240126960954792,40
2025,1433,0,tree,sigmoid,0.02293934564742786,16
2025,1435,0,tree,sigmoid,0.011215600800585321,49
2025,1458,0,tree,sigmoid,0.027827009417229952,11
2025,1459,0,tree,sigmoid,0.008635217188501201,65
2025,1462,0,tree,sigmoid,0.012574701595226983,38
2025,1463,0,tree,sigmoid,0.010730979520443811,51
2025,1471,0,tree,sigmoid,0.016148773073946878,28
2022,1103,0,tree,isotonic,0.0,43
2022,1104,0,tree,isotonic,0.009109730848861283,20
2022,1112,0,tree,isotonic,0.13049317831926527,3
2022,1116,0,tree,isotonic,0.009109730848861283,21
2022,1120,0,tree,isotonic,0.031055900621118005,9
2022,1124,0,tree,isotonic,0.03814251796617521,6
2022,1129,0,tree,isotonic,0.0047619047619047615,26
2022,1136,0,tree,isotonic,0.004347826086956522,38
2022,1151,0,tree,isotonic,0.0076604554865424435,23
2022,1159,0,tree,isotonic,0.0047619047619047615,27
2022,1161,0,tree,isotonic,0.002898550724637681,40
2022,1163,0,tree,isotonic,0.02744540172310158,10
2022,1166,0,tree,isotonic,0.010822510822510822,18
2022,1168,0,tree,isotonic,0.0,44
2022,1172,0,tree,isotonic,0.0,45
2022,1174,0,tree,isotonic,0.0,46
2022,1181,0,tree,isotonic,0.020172674450374312,12
2022,1209,0,tree,isotonic,0.0076604554865424435,24
2022,1211,0,tree,isotonic,0.13740510697032435,2
2022,1222,0,tree,isotonic,0.046102013928100885,5
2022,1228,0,tree,isotonic,0.0047619047619047615,28
2022,1231,0,tree,isotonic,0.0,47
2022,1234,0,tree,isotonic,0.0317932278100581,8
2022,1235,0,tree,isotonic,0.0,48
2022,1240,0,tree,isotonic,0.0,49
2022,1242,1,tree,isotonic,0.033506007783707645,7
2022,1246,0,tree,isotonic,0.18217171717171715,1
2022,1255,0,tree,isotonic,0.0047619047619047615,29
2022,1260,0,tree,isotonic,0.01411206838976825,15
2022,1261,0,tree,isotonic,0.0,50
2022,1266,0,tree,isotonic,0.0,51
2022,1272,0,tree,isotonic,0.0,52
2022,1274,0,tree,isotonic,0.0,53
2022,1276,0,tree,isotonic,0.0047619047619047615,30
2022,1277,0,tree,isotonic,0.0,54
2022,1286,0,tree,isotonic,0.0,55
2022,1293,0,tree,isotonic,0.0076604554865424435,25
2022,1308,0,tree,isotonic,0.0047619047619047615,31
2022,1313,0,tree,isotonic,0.0,56
2022,1314,0,tree,isotonic,0.008959156785243743,22
2022,1323,0,tree,isotonic,0.0,57
2022,1326,0,tree,isotonic,0.0,58
2022,1344,0,tree,isotonic,0.0,59
2022,1345,0,tree,isotonic,0.013721061547148505,16
2022,1350,0,tree,isotonic,0.0,60
2022,1353,0,tree,isotonic,0.0,61
2022,1355,0,tree,isotonic,0.0047619047619047615,32
2022,1361,0,tree,isotonic,0.0,62
2022,1362,0,tree,isotonic,0.012008281573498964,17
2022,1371,0,tree,isotonic,0.0047619047619047615,33
2022,1388,0,tree,isotonic,0.018459894476724772,13
2022,1389,0,tree,isotonic,0.0,63
2022,1394,0,tree,isotonic,0.0,64
2022,1395,0,tree,isotonic,0.0047619047619047615,34
2022,1397,0,tree,isotonic,0.02744540172310158,11
2022,1400,0,tree,isotonic,0.002898550724637681,41
2022,1403,0,tree,isotonic,0.010822510822510822,19
2022,1411,0,tree,isotonic,0.0,65
2022,1412,0,tree,isotonic,0.0047619047619047615,35
2022,1417,0,tree,isotonic,0.018459894476724772,14
2022,1425,0,tree,isotonic,0.0,66
2022,1436,0,tree,isotonic,0.002898550724637681,42
2022,1437,0,tree,isotonic,0.07871159161956334,4
2022,1439,0,tree,isotonic,0.0047619047619047615,36
2022,1458,0,tree,isotonic,0.0047619047619047615,37
2022,1460,0,tree,isotonic,0.0,67
2022,1461,0,tree,isotonic,0.004347826086956522,39
2022,1463,0,tree,isotonic,0.0,68
2023,1104,0,tree,isotonic,0.07081063863672558,3
2023,1112,0,tree,isotonic,0.013721061547148505,12
2023,1113,0,tree,isotonic,0.004347826086956522,33
2023,1116,0,tree,isotonic,0.0,41
2023,1120,0,tree,isotonic,0.002898550724637681,37
2023,1124,0,tree,isotonic,0.013721061547148505,13
2023,1129,0,tree,isotonic,0.0,42
2023,1158,0,tree,isotonic,0.018459894476724772,10
2023,1159,0,tree,isotonic,0.0064516129032258064,23
2023,1163,1,tree,isotonic,0.050928729670356346,4
2023,1166,0,tree,isotonic,0.012470819626661965,15
2023,1179,0,tree,isotonic,0.004347826086956522,34
2023,1181,0,tree,isotonic,0.027054394880481836,8
2023,1192,0,tree,isotonic,0.0,43
2023,1194,0,tree,isotonic,0.014509804957275782,11
2023,1202,0,tree,isotonic,0.0,44
2023,1211,0,tree,isotonic,0.03272570677272056,6
2023,1213,0,tree,isotonic,0.0,45
2023,1222,0,tree,isotonic,0.07721312503921199,1
2023,1224,0,tree,isotonic,0.0,46
2023,1228,0,tree,isotonic,0.0047619047619047615,26
2023,1231,0,tree,isotonic,0.0047619047619047615,27
2023,1233,0,tree,isotonic,0.0047619047619047615,28
2023,1234,0,tree,isotonic,0.004347826086956522,35
2023,1235,0,tree,isotonic,0.0,47
2023,1242,0,tree,isotonic,0.02744540172310158,7
2023,1243,0,tree,isotonic,0.0,48
2023,1244,0,tree,isotonic,0.0,49
2023,1245,0,tree,isotonic,0.0,50
2023,1246,0,tree,isotonic,0.0051602370668141695,25
2023,1266,0,tree,isotonic,0.009109730848861283,20
2023,1268,0,tree,isotonic,0.0047619047619047615,29
2023,1272,0,tree,isotonic,0.002898550724637681,38
2023,1274,0,tree,isotonic,0.002898550724637681,39
2023,1277,0,tree,isotonic,0.0,51
2023,1280,0,tree,isotonic,0.011213517665130568,17
2023,1281,0,tree,isotonic,0.013697989714820008,14
2023,1286,0,tree,isotonic,0.0,52
2023,1297,0,tree,isotonic,0.0,53
2023,1301,0,tree,isotonic,0.0,54
2023,1305,0,tree,isotonic,0.0,55
2023,1321,0,tree,isotonic,0.0047619047619047615,30
2023,1331,0,tree,isotonic,0.033945526878434926,5
2023,1336,0,tree,isotonic,0.009109730848861283,21
2023,1338,0,tree,isotonic,0.0,56
2023,1343,0,tree,isotonic,0.0,57
2023,1344,0,tree,isotonic,0.012008281573498964,16
2023,1345,0,tree,isotonic,0.010822510822510822,19
2023,1361,0,tree,isotonic,0.0,58
2023,1364,0,tree,isotonic,0.0,59
2023,1369,0,tree,isotonic,0.0,60
2023,1388,0,tree,isotonic,0.0047619047619047615,31
2023,1394,0,tree,isotonic,0.0,61
2023,1395,0,tree,isotonic,0.0047619047619047615,32
2023,1397,0,tree,isotonic,0.020621186417630076,9
2023,1400,0,tree,isotonic,0.011213517665130568,18
2023,1401,0,tree,isotonic,0.006060606060606061,24
2023,1411,0,tree,isotonic,0.0,62
2023,1417,0,tree,isotonic,0.07721312503921199,2
2023,1418,0,tree,isotonic,0.0,63
2023,1421,0,tree,isotonic,0.0,64
2023,1425,0,tree,isotonic,0.0,65
2023,1429,0,tree,isotonic,0.004347826086956522,36
2023,1433,0,tree,isotonic,0.0,66
2023,1436,0,tree,isotonic,0.002898550724637681,40
2023,1438,0,tree,isotonic,0.0,67
2023,1452,0,tree,isotonic,0.0,68
2023,1462,0,tree,isotonic,0.0076604554865424435,22
2024,1103,0,tree,isotonic,0.0,46
2024,1104,0,tree,isotonic,0.027054394880481836,13
2024,1112,0,tree,isotonic,0.20092796092796092,1
2024,1120,0,tree,isotonic,0.139023199023199,3
2024,1124,0,tree,isotonic,0.013721061547148505,18
2024,1129,0,tree,isotonic,0.0,47
2024,1140,0,tree,isotonic,0.013721061547148505,19
2024,1155,0,tree,isotonic,0.0,48
2024,1158,0,tree,isotonic,0.009109730848861283,24
2024,1159,0,tree,isotonic,0.0,49
2024,1160,0,tree,isotonic,0.013721061547148505,20
2024,1161,0,tree,isotonic,0.0,50
2024,1163,1,tree,isotonic,0.1762193362193362,2
2024,1166,0,tree,isotonic,0.05176301958910654,8
2024,1173,0,tree,isotonic,0.015435146799279018,16
2024,1179,0,tree,isotonic,0.004347826086956522,41
2024,1181,0,tree,isotonic,0.0076604554865424435,26
2024,1182,0,tree,isotonic,0.0,51
2024,1194,0,tree,isotonic,0.0,52
2024,1196,0,tree,isotonic,0.0076604554865424435,27
2024,1211,0,tree,isotonic,0.031055900621118005,12
2024,1212,0,tree,isotonic,0.0,53
2024,1213,0,tree,isotonic,0.0,54
2024,1222,0,tree,isotonic,0.09318854746624732,5
2024,1224,0,tree,isotonic,0.0,55
2024,1228,0,tree,isotonic,0.042292490118577074,9
2024,1235,0,tree,isotonic,0.07721312503921199,6
2024,1241,0,tree,isotonic,0.0047619047619047615,34
2024,1242,0,tree,isotonic,0.002898550724637681,42
2024,1246,0,tree,isotonic,0.10629399585921324,4
2024,1253,0,tree,isotonic,0.0047619047619047615,35
2024,1255,0,tree,isotonic,0.0,56
2024,1266,0,tree,isotonic,0.033506007783707645,10
2024,1270,0,tree,isotonic,0.002898550724637681,43
2024,1277,0,tree,isotonic,0.012008281573498964,22
2024,1280,0,tree,isotonic,0.0076604554865424435,28
2024,1286,0,tree,isotonic,0.0,57
2024,1287,0,tree,isotonic,0.0,58
2024,1301,0,tree,isotonic,0.0047619047619047615,36
2024,1304,0,tree,isotonic,0.008959156785243743,25
2024,1305,0,tree,isotonic,0.0,59
2024,1307,0,tree,isotonic,0.0076604554865424435,29
2024,1314,0,tree,isotonic,0.013721061547148505,21
2024,1321,0,tree,isotonic,0.0,60
2024,1324,0,tree,isotonic,0.007246376811594203,32
2024,1332,0,tree,isotonic,0.0,61
2024,1345,0,tree,isotonic,0.07721312503921199,7
2024,1355,0,tree,isotonic,0.0,62
2024,1359,0,tree,isotonic,0.01541076968846955,17
2024,1361,0,tree,isotonic,0.002898550724637681,44
2024,1376,0,tree,isotonic,0.0047619047619047615,37
2024,1388,0,tree,isotonic,0.020993788819875774,14
2024,1389,0,tree,isotonic,0.0,63
2024,1391,0,tree,isotonic,0.0,64
2024,1395,0,tree,isotonic,0.012008281573498964,23
2024,1397,0,tree,isotonic,0.03276868059476755,11
2024,1400,0,tree,isotonic,0.002898550724637681,45
2024,1401,0,tree,isotonic,0.018459894476724772,15
2024,1403,0,tree,isotonic,0.007246376811594203,33
2024,1412,0,tree,isotonic,0.0047619047619047615,38
2024,1429,0,tree,isotonic,0.0,65
2024,1436,0,tree,isotonic,0.0,66
2024,1438,0,tree,isotonic,0.0047619047619047615,39
2024,1443,0,tree,isotonic,0.0,67
2024,1447,0,tree,isotonic,0.0047619047619047615,40
2024,1450,0,tree,isotonic,0.0,68
2024,1458,0,tree,isotonic,0.0076604554865424435,30
2024,1463,0,tree,isotonic,0.0076604554865424435,31
2025,1103,0,tree,isotonic,0.0,57
2025,1104,0,tree,isotonic,0.057274123725736634,11
2025,1106,0,tree,isotonic,0.01411206838976825,24
2025,1110,0,tree,isotonic,0.0,58
2025,1112,0,tree,isotonic,0.013721061547148505,26
2025,1116,0,tree,isotonic,0.0,59
2025,1120,0,tree,isotonic,0.1762193362193362,2
2025,1124,0,tree,isotonic,0.0076604554865424435,35
2025,1136,0,tree,isotonic,0.0047619047619047615,42
2025,1140,0,tree,isotonic,0.013721061547148505,27
2025,1155,0,tree,isotonic,0.004347826086956522,51
2025,1161,0,tree,isotonic,0.017681159420289853,22
2025,1163,0,tree,isotonic,0.0317932278100581,15
2025,1166,0,tree,isotonic,0.007246376811594203,40
2025,1179,0,tree,isotonic,0.0047619047619047615,43
2025,1181,0,tree,isotonic,0.20092796092796092,1
2025,1188,0,tree,isotonic,0.0,60
2025,1196,1,tree,isotonic,0.062077436355136205,8
2025,1208,0,tree,isotonic,0.013721061547148505,28
2025,1211,0,tree,isotonic,0.139023199023199,5
2025,1213,0,tree,isotonic,0.006999699639375518,41
2025,1219,0,tree,isotonic,0.0047619047619047615,44
2025,1222,0,tree,isotonic,0.1391178869439739,4
2025,1228,0,tree,isotonic,0.013721061547148505,29
2025,1235,0,tree,isotonic,0.09938206720815417,7
2025,1242,0,tree,isotonic,0.013721061547148505,30
2025,1246,0,tree,isotonic,0.020172674450374312,19
2025,1251,0,tree,isotonic,0.01411206838976825,25
2025,1252,0,tree,isotonic,0.02874410302180288,17
2025,1257,0,tree,isotonic,0.05821463249233235,9
2025,1266,0,tree,isotonic,0.018459894476724772,20
2025,1268,0,tree,isotonic,0.05816550599159294,10
2025,1270,0,tree,isotonic,0.002898550724637681,53
2025,1272,0,tree,isotonic,0.002898550724637681,54
2025,1276,0,tree,isotonic,0.004347826086956522,52
2025,1277,0,tree,isotonic,0.03842968625577321,13
2025,1279,0,tree,isotonic,0.002898550724637681,55
2025,1280,0,tree,isotonic,0.015561343752087089,23
2025,1281,0,tree,isotonic,0.033506007783707645,14
2025,1285,0,tree,isotonic,0.0,61
2025,1291,0,tree,isotonic,0.0047619047619047615,45
2025,1303,0,tree,isotonic,0.0,62
2025,1307,0,tree,isotonic,0.0047619047619047615,46
2025,1313,0,tree,isotonic,0.0047619047619047615,47
2025,1314,0,tree,isotonic,0.0,63
2025,1328,0,tree,isotonic,0.0,64
2025,1332,0,tree,isotonic,0.008959156785243743,34
2025,1345,0,tree,isotonic,0.012008281573498964,33
2025,1352,0,tree,isotonic,0.013721061547148505,31
2025,1361,0,tree,isotonic,0.0012486105706370533,56
2025,1384,0,tree,isotonic,0.0,65
2025,1385,0,tree,isotonic,0.031055900621118005,16
2025,1388,0,tree,isotonic,0.0076604554865424435,36
2025,1397,0,tree,isotonic,0.1143145743145743,6
2025,1400,0,tree,isotonic,0.0,66
2025,1401,0,tree,isotonic,0.013721061547148505,32
2025,1403,0,tree,isotonic,0.1762193362193362,3
2025,1407,0,tree,isotonic,0.018459894476724772,21
2025,1417,0,tree,isotonic,0.0,67
2025,1423,0,tree,isotonic,0.0047619047619047615,48
2025,1429,0,tree,isotonic,0.0047619047619047615,49
2025,1433,0,tree,isotonic,0.027031323048153345,18
2025,1435,0,tree,isotonic,0.0047619047619047615,50
2025,1458,0,tree,isotonic,0.05176301958910654,12
2025,1459,0,tree,isotonic,0.0,68
2025,1462,0,tree,isotonic,0.0076604554865424435,37
2025,1463,0,tree,isotonic,0.0076604554865424435,38
2025,1471,0,tree,isotonic,0.0076604554865424435,39
